from,to ,weight,year
SFS,PPG,,
SFS,MaHa,,
SFS,HaRy,,
SFS,PaPr,,
SFS,DaBa,,
SFS,SuCr,,
SFS,RuBu,,
SFS,ABR,,
SFS,WSJ,,
SFS,MaMi,,
SFS,Maal,,
SFS,NaEl,,
SFS,RE,,
SFS,WaLo,,
SFS,KySo,,
SFS,HaDr,,
SFS,ToMe,,
SFS,CaLo,,
SFS,BrSt,,
SFS,DarBe,,
SFS,LoTu,,
SFS,DaBe,,
SFS,RoMo,,
SFS,SaRy,,
SFS,ErUm,,
SFS,ErEy,,
SFS,GeRy,,
SFS,MaWa,,
SFS,NiNe,,
SFS,FrOb,,
SFS,BaOb,,
SFS,KeHa,,
SFS,EBT,,
SFS,SLT,,
SFS,NYT,,
SFS,DaFa,,
SFS,ChCh,,
SFS,PeNo,,
SFS,HiAl,,
SFS,ArCu,,
SFS,JiMo,,
SFS,JaWa,,
SFS,PaC,,
SFS,ST,,
SFS,ErLi,,
SFS,ZaMi,,
SFS,RoKu,,
SFS,ReKi,,
SFS,FrSu,,
SFS,CaLe,,
SFS,DiMa,,
SFS,LiFa,,
SFS,MaMc,,
SFS,KaKi,,
SFS,AdZy,,
SFS,StLPD,,
SFS,JoKa,,
SFS,MeTw,,
SFS,RoFa,,
SFS,PrDe,,
SFS,WaPo,,
SFS,ArRe,,
SFS,UsTo,,
SFS,CiEn,,
SFS,ClBa,,
SFS,AnMa,,
SFS,MaMo,,
SFS,RaKaGh,,
SFS,JoAr,,
SFS,JeSa,,
SFS,AnDo,,
SFS,JaHa,,
SFS,MiSl,,
SFS,RyKe,,
SFS,AsPr,,
SFS,LAT,,
SFS,LLA,,
SFS,AnCo,,
SFS,MiBr,,
SFS,TCM,,
SFS,KeAr,,
SFS,MiLa,,
SFS,CaFi,,
SFS,LiGa,,
SFS,AJR,,
SFS,KaSc,,
SFS,FaSt,,
SFS,EmNu,,
SFS,JoHa,,
SFS,BrGl,,
SFS,JaOh,,
SFS,MaLi,,
SFS,SePo,,
SFS,TyHi,,
SFS,DaEt,,
SFS,JeRi,,
SFS,GU,,
SFS,BG,,
SFS,"ChHa
",,
SFS,ElSa,,
SFS,WiHo,,
SFS,DaPh,,
SFS,JaSz,,
SFS,AnMa,,
SFS,StHe,,
SFS,InSa,,
SFS,OR,,
SFS,KeSi,,
SFS,JosHa,,
PPG,MaHa,,
PPG,HaRy,,
PPG,PaPr,,
PPG,DaBa,,
PPG,SuCr,,
PPG,RuBu,,
PPG,ABR,,
PPG,WSJ,,
PPG,MaMi,,
PPG,Maal,,
PPG,NaEl,,
PPG,RE,,
PPG,WaLo,,
PPG,KySo,,
PPG,HaDr,,
PPG,ToMe,,
PPG,CaLo,,
PPG,BrSt,,
PPG,DarBe,,
PPG,LoTu,,
PPG,DaBe,,
PPG,RoMo,,
PPG,SaRy,,
PPG,ErUm,,
PPG,ErEy,,
PPG,GeRy,,
PPG,MaWa,,
PPG,NiNe,,
PPG,FrOb,,
PPG,BaOb,,
PPG,KeHa,,
PPG,EBT,,
PPG,SLT,,
PPG,NYT,,
PPG,DaFa,,
PPG,ChCh,,
PPG,PeNo,,
PPG,HiAl,,
PPG,ArCu,,
PPG,JiMo,,
PPG,JaWa,,
PPG,PaC,,
PPG,ST,,
PPG,ErLi,,
PPG,ZaMi,,
PPG,RoKu,,
PPG,ReKi,,
PPG,FrSu,,
PPG,CaLe,,
PPG,DiMa,,
PPG,LiFa,,
PPG,MaMc,,
PPG,KaKi,,
PPG,AdZy,,
PPG,StLPD,,
PPG,JoKa,,
PPG,MeTw,,
PPG,RoFa,,
PPG,PrDe,,
PPG,WaPo,,
PPG,ArRe,,
PPG,UsTo,,
PPG,CiEn,,
PPG,ClBa,,
PPG,AnMa,,
PPG,MaMo,,
PPG,RaKaGh,,
PPG,JoAr,,
PPG,JeSa,,
PPG,AnDo,,
PPG,JaHa,,
PPG,MiSl,,
PPG,RyKe,,
PPG,AsPr,,
PPG,LAT,,
PPG,LLA,,
PPG,AnCo,,
PPG,MiBr,,
PPG,TCM,,
PPG,KeAr,,
PPG,MiLa,,
PPG,CaFi,,
PPG,LiGa,,
PPG,AJR,,
PPG,KaSc,,
PPG,FaSt,,
PPG,EmNu,,
PPG,JoHa,,
PPG,BrGl,,
PPG,JaOh,,
PPG,MaLi,,
PPG,SePo,,
PPG,TyHi,,
PPG,DaEt,,
PPG,JeRi,,
PPG,GU,,
PPG,BG,,
PPG,"ChHa
",,
PPG,ElSa,,
PPG,WiHo,,
PPG,DaPh,,
PPG,JaSz,,
PPG,AnMa,,
PPG,StHe,,
PPG,InSa,,
PPG,OR,,
PPG,KeSi,,
PPG,JosHa,,
MaHa,HaRy,,
MaHa,PaPr,,
MaHa,DaBa,,
MaHa,SuCr,,
MaHa,RuBu,,
MaHa,ABR,,
MaHa,WSJ,,
MaHa,MaMi,,
MaHa,Maal,,
MaHa,NaEl,,
MaHa,RE,,
MaHa,WaLo,,
MaHa,KySo,,
MaHa,HaDr,,
MaHa,ToMe,,
MaHa,CaLo,,
MaHa,BrSt,,
MaHa,DarBe,,
MaHa,LoTu,,
MaHa,DaBe,,
MaHa,RoMo,,
MaHa,SaRy,,
MaHa,ErUm,,
MaHa,ErEy,,
MaHa,GeRy,,
MaHa,MaWa,,
MaHa,NiNe,,
MaHa,FrOb,,
MaHa,BaOb,,
MaHa,KeHa,,
MaHa,EBT,,
MaHa,SLT,,
MaHa,NYT,,
MaHa,DaFa,,
MaHa,ChCh,,
MaHa,PeNo,,
MaHa,HiAl,,
MaHa,ArCu,,
MaHa,JiMo,,
MaHa,JaWa,,
MaHa,PaC,,
MaHa,ST,,
MaHa,ErLi,,
MaHa,ZaMi,,
MaHa,RoKu,,
MaHa,ReKi,,
MaHa,FrSu,,
MaHa,CaLe,,
MaHa,DiMa,,
MaHa,LiFa,,
MaHa,MaMc,,
MaHa,KaKi,,
MaHa,AdZy,,
MaHa,StLPD,,
MaHa,JoKa,,
MaHa,MeTw,,
MaHa,RoFa,,
MaHa,PrDe,,
MaHa,WaPo,,
MaHa,ArRe,,
MaHa,UsTo,,
MaHa,CiEn,,
MaHa,ClBa,,
MaHa,AnMa,,
MaHa,MaMo,,
MaHa,RaKaGh,,
MaHa,JoAr,,
MaHa,JeSa,,
MaHa,AnDo,,
MaHa,JaHa,,
MaHa,MiSl,,
MaHa,RyKe,,
MaHa,AsPr,,
MaHa,LAT,,
MaHa,LLA,,
MaHa,AnCo,,
MaHa,MiBr,,
MaHa,TCM,,
MaHa,KeAr,,
MaHa,MiLa,,
MaHa,CaFi,,
MaHa,LiGa,,
MaHa,AJR,,
MaHa,KaSc,,
MaHa,FaSt,,
MaHa,EmNu,,
MaHa,JoHa,,
MaHa,BrGl,,
MaHa,JaOh,,
MaHa,MaLi,,
MaHa,SePo,,
MaHa,TyHi,,
MaHa,DaEt,,
MaHa,JeRi,,
MaHa,GU,,
MaHa,BG,,
MaHa,"ChHa
",,
MaHa,ElSa,,
MaHa,WiHo,,
MaHa,DaPh,,
MaHa,JaSz,,
MaHa,AnMa,,
MaHa,StHe,,
MaHa,InSa,,
MaHa,OR,,
MaHa,KeSi,,
MaHa,JosHa,,
HaRy,PaPr,,
HaRy,DaBa,,
HaRy,SuCr,,
HaRy,RuBu,,
HaRy,ABR,,
HaRy,WSJ,,
HaRy,MaMi,,
HaRy,Maal,,
HaRy,NaEl,,
HaRy,RE,,
HaRy,WaLo,,
HaRy,KySo,,
HaRy,HaDr,,
HaRy,ToMe,,
HaRy,CaLo,,
HaRy,BrSt,,
HaRy,DarBe,,
HaRy,LoTu,,
HaRy,DaBe,,
HaRy,RoMo,,
HaRy,SaRy,,
HaRy,ErUm,,
HaRy,ErEy,,
HaRy,GeRy,,
HaRy,MaWa,,
HaRy,NiNe,,
HaRy,FrOb,,
HaRy,BaOb,,
HaRy,KeHa,,
HaRy,EBT,,
HaRy,SLT,,
HaRy,NYT,,
HaRy,DaFa,,
HaRy,ChCh,,
HaRy,PeNo,,
HaRy,HiAl,,
HaRy,ArCu,,
HaRy,JiMo,,
HaRy,JaWa,,
HaRy,PaC,,
HaRy,ST,,
HaRy,ErLi,,
HaRy,ZaMi,,
HaRy,RoKu,,
HaRy,ReKi,,
HaRy,FrSu,,
HaRy,CaLe,,
HaRy,DiMa,,
HaRy,LiFa,,
HaRy,MaMc,,
HaRy,KaKi,,
HaRy,AdZy,,
HaRy,StLPD,,
HaRy,JoKa,,
HaRy,MeTw,,
HaRy,RoFa,,
HaRy,PrDe,,
HaRy,WaPo,,
HaRy,ArRe,,
HaRy,UsTo,,
HaRy,CiEn,,
HaRy,ClBa,,
HaRy,AnMa,,
HaRy,MaMo,,
HaRy,RaKaGh,,
HaRy,JoAr,,
HaRy,JeSa,,
HaRy,AnDo,,
HaRy,JaHa,,
HaRy,MiSl,,
HaRy,RyKe,,
HaRy,AsPr,,
HaRy,LAT,,
HaRy,LLA,,
HaRy,AnCo,,
HaRy,MiBr,,
HaRy,TCM,,
HaRy,KeAr,,
HaRy,MiLa,,
HaRy,CaFi,,
HaRy,LiGa,,
HaRy,AJR,,
HaRy,KaSc,,
HaRy,FaSt,,
HaRy,EmNu,,
HaRy,JoHa,,
HaRy,BrGl,,
HaRy,JaOh,,
HaRy,MaLi,,
HaRy,SePo,,
HaRy,TyHi,,
HaRy,DaEt,,
HaRy,JeRi,,
HaRy,GU,,
HaRy,BG,,
HaRy,"ChHa
",,
HaRy,ElSa,,
HaRy,WiHo,,
HaRy,DaPh,,
HaRy,JaSz,,
HaRy,AnMa,,
HaRy,StHe,,
HaRy,InSa,,
HaRy,OR,,
HaRy,KeSi,,
HaRy,JosHa,,
PaPr,DaBa,,
PaPr,SuCr,,
PaPr,RuBu,,
PaPr,ABR,,
PaPr,WSJ,,
PaPr,MaMi,,
PaPr,Maal,,
PaPr,NaEl,,
PaPr,RE,,
PaPr,WaLo,,
PaPr,KySo,,
PaPr,HaDr,,
PaPr,ToMe,,
PaPr,CaLo,,
PaPr,BrSt,,
PaPr,DarBe,,
PaPr,LoTu,,
PaPr,DaBe,,
PaPr,RoMo,,
PaPr,SaRy,,
PaPr,ErUm,,
PaPr,ErEy,,
PaPr,GeRy,,
PaPr,MaWa,,
PaPr,NiNe,,
PaPr,FrOb,,
PaPr,BaOb,,
PaPr,KeHa,,
PaPr,EBT,,
PaPr,SLT,,
PaPr,NYT,,
PaPr,DaFa,,
PaPr,ChCh,,
PaPr,PeNo,,
PaPr,HiAl,,
PaPr,ArCu,,
PaPr,JiMo,,
PaPr,JaWa,,
PaPr,PaC,,
PaPr,ST,,
PaPr,ErLi,,
PaPr,ZaMi,,
PaPr,RoKu,,
PaPr,ReKi,,
PaPr,FrSu,,
PaPr,CaLe,,
PaPr,DiMa,,
PaPr,LiFa,,
PaPr,MaMc,,
PaPr,KaKi,,
PaPr,AdZy,,
PaPr,StLPD,,
PaPr,JoKa,,
PaPr,MeTw,,
PaPr,RoFa,,
PaPr,PrDe,,
PaPr,WaPo,,
PaPr,ArRe,,
PaPr,UsTo,,
PaPr,CiEn,,
PaPr,ClBa,,
PaPr,AnMa,,
PaPr,MaMo,,
PaPr,RaKaGh,,
PaPr,JoAr,,
PaPr,JeSa,,
PaPr,AnDo,,
PaPr,JaHa,,
PaPr,MiSl,,
PaPr,RyKe,,
PaPr,AsPr,,
PaPr,LAT,,
PaPr,LLA,,
PaPr,AnCo,,
PaPr,MiBr,,
PaPr,TCM,,
PaPr,KeAr,,
PaPr,MiLa,,
PaPr,CaFi,,
PaPr,LiGa,,
PaPr,AJR,,
PaPr,KaSc,,
PaPr,FaSt,,
PaPr,EmNu,,
PaPr,JoHa,,
PaPr,BrGl,,
PaPr,JaOh,,
PaPr,MaLi,,
PaPr,SePo,,
PaPr,TyHi,,
PaPr,DaEt,,
PaPr,JeRi,,
PaPr,GU,,
PaPr,BG,,
PaPr,"ChHa
",,
PaPr,ElSa,,
PaPr,WiHo,,
PaPr,DaPh,,
PaPr,JaSz,,
PaPr,AnMa,,
PaPr,StHe,,
PaPr,InSa,,
PaPr,OR,,
PaPr,KeSi,,
PaPr,JosHa,,
DaBa,SuCr,,
DaBa,RuBu,,
DaBa,ABR,,
DaBa,WSJ,,
DaBa,MaMi,,
DaBa,Maal,,
DaBa,NaEl,,
DaBa,RE,,
DaBa,WaLo,,
DaBa,KySo,,
DaBa,HaDr,,
DaBa,ToMe,,
DaBa,CaLo,,
DaBa,BrSt,,
DaBa,DarBe,,
DaBa,LoTu,,
DaBa,DaBe,,
DaBa,RoMo,,
DaBa,SaRy,,
DaBa,ErUm,,
DaBa,ErEy,,
DaBa,GeRy,,
DaBa,MaWa,,
DaBa,NiNe,,
DaBa,FrOb,,
DaBa,BaOb,,
DaBa,KeHa,,
DaBa,EBT,,
DaBa,SLT,,
DaBa,NYT,,
DaBa,DaFa,,
DaBa,ChCh,,
DaBa,PeNo,,
DaBa,HiAl,,
DaBa,ArCu,,
DaBa,JiMo,,
DaBa,JaWa,,
DaBa,PaC,,
DaBa,ST,,
DaBa,ErLi,,
DaBa,ZaMi,,
DaBa,RoKu,,
DaBa,ReKi,,
DaBa,FrSu,,
DaBa,CaLe,,
DaBa,DiMa,,
DaBa,LiFa,,
DaBa,MaMc,,
DaBa,KaKi,,
DaBa,AdZy,,
DaBa,StLPD,,
DaBa,JoKa,,
DaBa,MeTw,,
DaBa,RoFa,,
DaBa,PrDe,,
DaBa,WaPo,,
DaBa,ArRe,,
DaBa,UsTo,,
DaBa,CiEn,,
DaBa,ClBa,,
DaBa,AnMa,,
DaBa,MaMo,,
DaBa,RaKaGh,,
DaBa,JoAr,,
DaBa,JeSa,,
DaBa,AnDo,,
DaBa,JaHa,,
DaBa,MiSl,,
DaBa,RyKe,,
DaBa,AsPr,,
DaBa,LAT,,
DaBa,LLA,,
DaBa,AnCo,,
DaBa,MiBr,,
DaBa,TCM,,
DaBa,KeAr,,
DaBa,MiLa,,
DaBa,CaFi,,
DaBa,LiGa,,
DaBa,AJR,,
DaBa,KaSc,,
DaBa,FaSt,,
DaBa,EmNu,,
DaBa,JoHa,,
DaBa,BrGl,,
DaBa,JaOh,,
DaBa,MaLi,,
DaBa,SePo,,
DaBa,TyHi,,
DaBa,DaEt,,
DaBa,JeRi,,
DaBa,GU,,
DaBa,BG,,
DaBa,"ChHa
",,
DaBa,ElSa,,
DaBa,WiHo,,
DaBa,DaPh,,
DaBa,JaSz,,
DaBa,AnMa,,
DaBa,StHe,,
DaBa,InSa,,
DaBa,OR,,
DaBa,KeSi,,
DaBa,JosHa,,
SuCr,RuBu,,
SuCr,ABR,,
SuCr,WSJ,,
SuCr,MaMi,,
SuCr,Maal,,
SuCr,NaEl,,
SuCr,RE,,
SuCr,WaLo,,
SuCr,KySo,,
SuCr,HaDr,,
SuCr,ToMe,,
SuCr,CaLo,,
SuCr,BrSt,,
SuCr,DarBe,,
SuCr,LoTu,,
SuCr,DaBe,,
SuCr,RoMo,,
SuCr,SaRy,,
SuCr,ErUm,,
SuCr,ErEy,,
SuCr,GeRy,,
SuCr,MaWa,,
SuCr,NiNe,,
SuCr,FrOb,,
SuCr,BaOb,,
SuCr,KeHa,,
SuCr,EBT,,
SuCr,SLT,,
SuCr,NYT,,
SuCr,DaFa,,
SuCr,ChCh,,
SuCr,PeNo,,
SuCr,HiAl,,
SuCr,ArCu,,
SuCr,JiMo,,
SuCr,JaWa,,
SuCr,PaC,,
SuCr,ST,,
SuCr,ErLi,,
SuCr,ZaMi,,
SuCr,RoKu,,
SuCr,ReKi,,
SuCr,FrSu,,
SuCr,CaLe,,
SuCr,DiMa,,
SuCr,LiFa,,
SuCr,MaMc,,
SuCr,KaKi,,
SuCr,AdZy,,
SuCr,StLPD,,
SuCr,JoKa,,
SuCr,MeTw,,
SuCr,RoFa,,
SuCr,PrDe,,
SuCr,WaPo,,
SuCr,ArRe,,
SuCr,UsTo,,
SuCr,CiEn,,
SuCr,ClBa,,
SuCr,AnMa,,
SuCr,MaMo,,
SuCr,RaKaGh,,
SuCr,JoAr,,
SuCr,JeSa,,
SuCr,AnDo,,
SuCr,JaHa,,
SuCr,MiSl,,
SuCr,RyKe,,
SuCr,AsPr,,
SuCr,LAT,,
SuCr,LLA,,
SuCr,AnCo,,
SuCr,MiBr,,
SuCr,TCM,,
SuCr,KeAr,,
SuCr,MiLa,,
SuCr,CaFi,,
SuCr,LiGa,,
SuCr,AJR,,
SuCr,KaSc,,
SuCr,FaSt,,
SuCr,EmNu,,
SuCr,JoHa,,
SuCr,BrGl,,
SuCr,JaOh,,
SuCr,MaLi,,
SuCr,SePo,,
SuCr,TyHi,,
SuCr,DaEt,,
SuCr,JeRi,,
SuCr,GU,,
SuCr,BG,,
SuCr,"ChHa
",,
SuCr,ElSa,,
SuCr,WiHo,,
SuCr,DaPh,,
SuCr,JaSz,,
SuCr,AnMa,,
SuCr,StHe,,
SuCr,InSa,,
SuCr,OR,,
SuCr,KeSi,,
SuCr,JosHa,,
RuBu,ABR,,
RuBu,WSJ,,
RuBu,MaMi,,
RuBu,Maal,,
RuBu,NaEl,,
RuBu,RE,,
RuBu,WaLo,,
RuBu,KySo,,
RuBu,HaDr,,
RuBu,ToMe,,
RuBu,CaLo,,
RuBu,BrSt,,
RuBu,DarBe,,
RuBu,LoTu,,
RuBu,DaBe,,
RuBu,RoMo,,
RuBu,SaRy,,
RuBu,ErUm,,
RuBu,ErEy,,
RuBu,GeRy,,
RuBu,MaWa,,
RuBu,NiNe,,
RuBu,FrOb,,
RuBu,BaOb,,
RuBu,KeHa,,
RuBu,EBT,,
RuBu,SLT,,
RuBu,NYT,,
RuBu,DaFa,,
RuBu,ChCh,,
RuBu,PeNo,,
RuBu,HiAl,,
RuBu,ArCu,,
RuBu,JiMo,,
RuBu,JaWa,,
RuBu,PaC,,
RuBu,ST,,
RuBu,ErLi,,
RuBu,ZaMi,,
RuBu,RoKu,,
RuBu,ReKi,,
RuBu,FrSu,,
RuBu,CaLe,,
RuBu,DiMa,,
RuBu,LiFa,,
RuBu,MaMc,,
RuBu,KaKi,,
RuBu,AdZy,,
RuBu,StLPD,,
RuBu,JoKa,,
RuBu,MeTw,,
RuBu,RoFa,,
RuBu,PrDe,,
RuBu,WaPo,,
RuBu,ArRe,,
RuBu,UsTo,,
RuBu,CiEn,,
RuBu,ClBa,,
RuBu,AnMa,,
RuBu,MaMo,,
RuBu,RaKaGh,,
RuBu,JoAr,,
RuBu,JeSa,,
RuBu,AnDo,,
RuBu,JaHa,,
RuBu,MiSl,,
RuBu,RyKe,,
RuBu,AsPr,,
RuBu,LAT,,
RuBu,LLA,,
RuBu,AnCo,,
RuBu,MiBr,,
RuBu,TCM,,
RuBu,KeAr,,
RuBu,MiLa,,
RuBu,CaFi,,
RuBu,LiGa,,
RuBu,AJR,,
RuBu,KaSc,,
RuBu,FaSt,,
RuBu,EmNu,,
RuBu,JoHa,,
RuBu,BrGl,,
RuBu,JaOh,,
RuBu,MaLi,,
RuBu,SePo,,
RuBu,TyHi,,
RuBu,DaEt,,
RuBu,JeRi,,
RuBu,GU,,
RuBu,BG,,
RuBu,"ChHa
",,
RuBu,ElSa,,
RuBu,WiHo,,
RuBu,DaPh,,
RuBu,JaSz,,
RuBu,AnMa,,
RuBu,StHe,,
RuBu,InSa,,
RuBu,OR,,
RuBu,KeSi,,
RuBu,JosHa,,
ABR,WSJ,,
ABR,MaMi,,
ABR,Maal,,
ABR,NaEl,,
ABR,RE,,
ABR,WaLo,,
ABR,KySo,,
ABR,HaDr,,
ABR,ToMe,,
ABR,CaLo,,
ABR,BrSt,,
ABR,DarBe,,
ABR,LoTu,,
ABR,DaBe,,
ABR,RoMo,,
ABR,SaRy,,
ABR,ErUm,,
ABR,ErEy,,
ABR,GeRy,,
ABR,MaWa,,
ABR,NiNe,,
ABR,FrOb,,
ABR,BaOb,,
ABR,KeHa,,
ABR,EBT,,
ABR,SLT,,
ABR,NYT,,
ABR,DaFa,,
ABR,ChCh,,
ABR,PeNo,,
ABR,HiAl,,
ABR,ArCu,,
ABR,JiMo,,
ABR,JaWa,,
ABR,PaC,,
ABR,ST,,
ABR,ErLi,,
ABR,ZaMi,,
ABR,RoKu,,
ABR,ReKi,,
ABR,FrSu,,
ABR,CaLe,,
ABR,DiMa,,
ABR,LiFa,,
ABR,MaMc,,
ABR,KaKi,,
ABR,AdZy,,
ABR,StLPD,,
ABR,JoKa,,
ABR,MeTw,,
ABR,RoFa,,
ABR,PrDe,,
ABR,WaPo,,
ABR,ArRe,,
ABR,UsTo,,
ABR,CiEn,,
ABR,ClBa,,
ABR,AnMa,,
ABR,MaMo,,
ABR,RaKaGh,,
ABR,JoAr,,
ABR,JeSa,,
ABR,AnDo,,
ABR,JaHa,,
ABR,MiSl,,
ABR,RyKe,,
ABR,AsPr,,
ABR,LAT,,
ABR,LLA,,
ABR,AnCo,,
ABR,MiBr,,
ABR,TCM,,
ABR,KeAr,,
ABR,MiLa,,
ABR,CaFi,,
ABR,LiGa,,
ABR,AJR,,
ABR,KaSc,,
ABR,FaSt,,
ABR,EmNu,,
ABR,JoHa,,
ABR,BrGl,,
ABR,JaOh,,
ABR,MaLi,,
ABR,SePo,,
ABR,TyHi,,
ABR,DaEt,,
ABR,JeRi,,
ABR,GU,,
ABR,BG,,
ABR,"ChHa
",,
ABR,ElSa,,
ABR,WiHo,,
ABR,DaPh,,
ABR,JaSz,,
ABR,AnMa,,
ABR,StHe,,
ABR,InSa,,
ABR,OR,,
ABR,KeSi,,
ABR,JosHa,,
WSJ,MaMi,,
WSJ,Maal,,
WSJ,NaEl,,
WSJ,RE,,
WSJ,WaLo,,
WSJ,KySo,,
WSJ,HaDr,,
WSJ,ToMe,,
WSJ,CaLo,,
WSJ,BrSt,,
WSJ,DarBe,,
WSJ,LoTu,,
WSJ,DaBe,,
WSJ,RoMo,,
WSJ,SaRy,,
WSJ,ErUm,,
WSJ,ErEy,,
WSJ,GeRy,,
WSJ,MaWa,,
WSJ,NiNe,,
WSJ,FrOb,,
WSJ,BaOb,,
WSJ,KeHa,,
WSJ,EBT,,
WSJ,SLT,,
WSJ,NYT,,
WSJ,DaFa,,
WSJ,ChCh,,
WSJ,PeNo,,
WSJ,HiAl,,
WSJ,ArCu,,
WSJ,JiMo,,
WSJ,JaWa,,
WSJ,PaC,,
WSJ,ST,,
WSJ,ErLi,,
WSJ,ZaMi,,
WSJ,RoKu,,
WSJ,ReKi,,
WSJ,FrSu,,
WSJ,CaLe,,
WSJ,DiMa,,
WSJ,LiFa,,
WSJ,MaMc,,
WSJ,KaKi,,
WSJ,AdZy,,
WSJ,StLPD,,
WSJ,JoKa,,
WSJ,MeTw,,
WSJ,RoFa,,
WSJ,PrDe,,
WSJ,WaPo,,
WSJ,ArRe,,
WSJ,UsTo,,
WSJ,CiEn,,
WSJ,ClBa,,
WSJ,AnMa,,
WSJ,MaMo,,
WSJ,RaKaGh,,
WSJ,JoAr,,
WSJ,JeSa,,
WSJ,AnDo,,
WSJ,JaHa,,
WSJ,MiSl,,
WSJ,RyKe,,
WSJ,AsPr,,
WSJ,LAT,,
WSJ,LLA,,
WSJ,AnCo,,
WSJ,MiBr,,
WSJ,TCM,,
WSJ,KeAr,,
WSJ,MiLa,,
WSJ,CaFi,,
WSJ,LiGa,,
WSJ,AJR,,
WSJ,KaSc,,
WSJ,FaSt,,
WSJ,EmNu,,
WSJ,JoHa,,
WSJ,BrGl,,
WSJ,JaOh,,
WSJ,MaLi,,
WSJ,SePo,,
WSJ,TyHi,,
WSJ,DaEt,,
WSJ,JeRi,,
WSJ,GU,,
WSJ,BG,,
WSJ,"ChHa
",,
WSJ,ElSa,,
WSJ,WiHo,,
WSJ,DaPh,,
WSJ,JaSz,,
WSJ,AnMa,,
WSJ,StHe,,
WSJ,InSa,,
WSJ,OR,,
WSJ,KeSi,,
WSJ,JosHa,,
MaMi,Maal,,
MaMi,NaEl,,
MaMi,RE,,
MaMi,WaLo,,
MaMi,KySo,,
MaMi,HaDr,,
MaMi,ToMe,,
MaMi,CaLo,,
MaMi,BrSt,,
MaMi,DarBe,,
MaMi,LoTu,,
MaMi,DaBe,,
MaMi,RoMo,,
MaMi,SaRy,,
MaMi,ErUm,,
MaMi,ErEy,,
MaMi,GeRy,,
MaMi,MaWa,,
MaMi,NiNe,,
MaMi,FrOb,,
MaMi,BaOb,,
MaMi,KeHa,,
MaMi,EBT,,
MaMi,SLT,,
MaMi,NYT,,
MaMi,DaFa,,
MaMi,ChCh,,
MaMi,PeNo,,
MaMi,HiAl,,
MaMi,ArCu,,
MaMi,JiMo,,
MaMi,JaWa,,
MaMi,PaC,,
MaMi,ST,,
MaMi,ErLi,,
MaMi,ZaMi,,
MaMi,RoKu,,
MaMi,ReKi,,
MaMi,FrSu,,
MaMi,CaLe,,
MaMi,DiMa,,
MaMi,LiFa,,
MaMi,MaMc,,
MaMi,KaKi,,
MaMi,AdZy,,
MaMi,StLPD,,
MaMi,JoKa,,
MaMi,MeTw,,
MaMi,RoFa,,
MaMi,PrDe,,
MaMi,WaPo,,
MaMi,ArRe,,
MaMi,UsTo,,
MaMi,CiEn,,
MaMi,ClBa,,
MaMi,AnMa,,
MaMi,MaMo,,
MaMi,RaKaGh,,
MaMi,JoAr,,
MaMi,JeSa,,
MaMi,AnDo,,
MaMi,JaHa,,
MaMi,MiSl,,
MaMi,RyKe,,
MaMi,AsPr,,
MaMi,LAT,,
MaMi,LLA,,
MaMi,AnCo,,
MaMi,MiBr,,
MaMi,TCM,,
MaMi,KeAr,,
MaMi,MiLa,,
MaMi,CaFi,,
MaMi,LiGa,,
MaMi,AJR,,
MaMi,KaSc,,
MaMi,FaSt,,
MaMi,EmNu,,
MaMi,JoHa,,
MaMi,BrGl,,
MaMi,JaOh,,
MaMi,MaLi,,
MaMi,SePo,,
MaMi,TyHi,,
MaMi,DaEt,,
MaMi,JeRi,,
MaMi,GU,,
MaMi,BG,,
MaMi,"ChHa
",,
MaMi,ElSa,,
MaMi,WiHo,,
MaMi,DaPh,,
MaMi,JaSz,,
MaMi,AnMa,,
MaMi,StHe,,
MaMi,InSa,,
MaMi,OR,,
MaMi,KeSi,,
MaMi,JosHa,,
Maal,NaEl,,
Maal,RE,,
Maal,WaLo,,
Maal,KySo,,
Maal,HaDr,,
Maal,ToMe,,
Maal,CaLo,,
Maal,BrSt,,
Maal,DarBe,,
Maal,LoTu,,
Maal,DaBe,,
Maal,RoMo,,
Maal,SaRy,,
Maal,ErUm,,
Maal,ErEy,,
Maal,GeRy,,
Maal,MaWa,,
Maal,NiNe,,
Maal,FrOb,,
Maal,BaOb,,
Maal,KeHa,,
Maal,EBT,,
Maal,SLT,,
Maal,NYT,,
Maal,DaFa,,
Maal,ChCh,,
Maal,PeNo,,
Maal,HiAl,,
Maal,ArCu,,
Maal,JiMo,,
Maal,JaWa,,
Maal,PaC,,
Maal,ST,,
Maal,ErLi,,
Maal,ZaMi,,
Maal,RoKu,,
Maal,ReKi,,
Maal,FrSu,,
Maal,CaLe,,
Maal,DiMa,,
Maal,LiFa,,
Maal,MaMc,,
Maal,KaKi,,
Maal,AdZy,,
Maal,StLPD,,
Maal,JoKa,,
Maal,MeTw,,
Maal,RoFa,,
Maal,PrDe,,
Maal,WaPo,,
Maal,ArRe,,
Maal,UsTo,,
Maal,CiEn,,
Maal,ClBa,,
Maal,AnMa,,
Maal,MaMo,,
Maal,RaKaGh,,
Maal,JoAr,,
Maal,JeSa,,
Maal,AnDo,,
Maal,JaHa,,
Maal,MiSl,,
Maal,RyKe,,
Maal,AsPr,,
Maal,LAT,,
Maal,LLA,,
Maal,AnCo,,
Maal,MiBr,,
Maal,TCM,,
Maal,KeAr,,
Maal,MiLa,,
Maal,CaFi,,
Maal,LiGa,,
Maal,AJR,,
Maal,KaSc,,
Maal,FaSt,,
Maal,EmNu,,
Maal,JoHa,,
Maal,BrGl,,
Maal,JaOh,,
Maal,MaLi,,
Maal,SePo,,
Maal,TyHi,,
Maal,DaEt,,
Maal,JeRi,,
Maal,GU,,
Maal,BG,,
Maal,"ChHa
",,
Maal,ElSa,,
Maal,WiHo,,
Maal,DaPh,,
Maal,JaSz,,
Maal,AnMa,,
Maal,StHe,,
Maal,InSa,,
Maal,OR,,
Maal,KeSi,,
Maal,JosHa,,
NaEl,RE,,
NaEl,WaLo,,
NaEl,KySo,,
NaEl,HaDr,,
NaEl,ToMe,,
NaEl,CaLo,,
NaEl,BrSt,,
NaEl,DarBe,,
NaEl,LoTu,,
NaEl,DaBe,,
NaEl,RoMo,,
NaEl,SaRy,,
NaEl,ErUm,,
NaEl,ErEy,,
NaEl,GeRy,,
NaEl,MaWa,,
NaEl,NiNe,,
NaEl,FrOb,,
NaEl,BaOb,,
NaEl,KeHa,,
NaEl,EBT,,
NaEl,SLT,,
NaEl,NYT,,
NaEl,DaFa,,
NaEl,ChCh,,
NaEl,PeNo,,
NaEl,HiAl,,
NaEl,ArCu,,
NaEl,JiMo,,
NaEl,JaWa,,
NaEl,PaC,,
NaEl,ST,,
NaEl,ErLi,,
NaEl,ZaMi,,
NaEl,RoKu,,
NaEl,ReKi,,
NaEl,FrSu,,
NaEl,CaLe,,
NaEl,DiMa,,
NaEl,LiFa,,
NaEl,MaMc,,
NaEl,KaKi,,
NaEl,AdZy,,
NaEl,StLPD,,
NaEl,JoKa,,
NaEl,MeTw,,
NaEl,RoFa,,
NaEl,PrDe,,
NaEl,WaPo,,
NaEl,ArRe,,
NaEl,UsTo,,
NaEl,CiEn,,
NaEl,ClBa,,
NaEl,AnMa,,
NaEl,MaMo,,
NaEl,RaKaGh,,
NaEl,JoAr,,
NaEl,JeSa,,
NaEl,AnDo,,
NaEl,JaHa,,
NaEl,MiSl,,
NaEl,RyKe,,
NaEl,AsPr,,
NaEl,LAT,,
NaEl,LLA,,
NaEl,AnCo,,
NaEl,MiBr,,
NaEl,TCM,,
NaEl,KeAr,,
NaEl,MiLa,,
NaEl,CaFi,,
NaEl,LiGa,,
NaEl,AJR,,
NaEl,KaSc,,
NaEl,FaSt,,
NaEl,EmNu,,
NaEl,JoHa,,
NaEl,BrGl,,
NaEl,JaOh,,
NaEl,MaLi,,
NaEl,SePo,,
NaEl,TyHi,,
NaEl,DaEt,,
NaEl,JeRi,,
NaEl,GU,,
NaEl,BG,,
NaEl,"ChHa
",,
NaEl,ElSa,,
NaEl,WiHo,,
NaEl,DaPh,,
NaEl,JaSz,,
NaEl,AnMa,,
NaEl,StHe,,
NaEl,InSa,,
NaEl,OR,,
NaEl,KeSi,,
NaEl,JosHa,,
RE,WaLo,,
RE,KySo,,
RE,HaDr,,
RE,ToMe,,
RE,CaLo,,
RE,BrSt,,
RE,DarBe,,
RE,LoTu,,
RE,DaBe,,
RE,RoMo,,
RE,SaRy,,
RE,ErUm,,
RE,ErEy,,
RE,GeRy,,
RE,MaWa,,
RE,NiNe,,
RE,FrOb,,
RE,BaOb,,
RE,KeHa,,
RE,EBT,,
RE,SLT,,
RE,NYT,,
RE,DaFa,,
RE,ChCh,,
RE,PeNo,,
RE,HiAl,,
RE,ArCu,,
RE,JiMo,,
RE,JaWa,,
RE,PaC,,
RE,ST,,
RE,ErLi,,
RE,ZaMi,,
RE,RoKu,,
RE,ReKi,,
RE,FrSu,,
RE,CaLe,,
RE,DiMa,,
RE,LiFa,,
RE,MaMc,,
RE,KaKi,,
RE,AdZy,,
RE,StLPD,,
RE,JoKa,,
RE,MeTw,,
RE,RoFa,,
RE,PrDe,,
RE,WaPo,,
RE,ArRe,,
RE,UsTo,,
RE,CiEn,,
RE,ClBa,,
RE,AnMa,,
RE,MaMo,,
RE,RaKaGh,,
RE,JoAr,,
RE,JeSa,,
RE,AnDo,,
RE,JaHa,,
RE,MiSl,,
RE,RyKe,,
RE,AsPr,,
RE,LAT,,
RE,LLA,,
RE,AnCo,,
RE,MiBr,,
RE,TCM,,
RE,KeAr,,
RE,MiLa,,
RE,CaFi,,
RE,LiGa,,
RE,AJR,,
RE,KaSc,,
RE,FaSt,,
RE,EmNu,,
RE,JoHa,,
RE,BrGl,,
RE,JaOh,,
RE,MaLi,,
RE,SePo,,
RE,TyHi,,
RE,DaEt,,
RE,JeRi,,
RE,GU,,
RE,BG,,
RE,"ChHa
",,
RE,ElSa,,
RE,WiHo,,
RE,DaPh,,
RE,JaSz,,
RE,AnMa,,
RE,StHe,,
RE,InSa,,
RE,OR,,
RE,KeSi,,
RE,JosHa,,
WaLo,KySo,,
WaLo,HaDr,,
WaLo,ToMe,,
WaLo,CaLo,,
WaLo,BrSt,,
WaLo,DarBe,,
WaLo,LoTu,,
WaLo,DaBe,,
WaLo,RoMo,,
WaLo,SaRy,,
WaLo,ErUm,,
WaLo,ErEy,,
WaLo,GeRy,,
WaLo,MaWa,,
WaLo,NiNe,,
WaLo,FrOb,,
WaLo,BaOb,,
WaLo,KeHa,,
WaLo,EBT,,
WaLo,SLT,,
WaLo,NYT,,
WaLo,DaFa,,
WaLo,ChCh,,
WaLo,PeNo,,
WaLo,HiAl,,
WaLo,ArCu,,
WaLo,JiMo,,
WaLo,JaWa,,
WaLo,PaC,,
WaLo,ST,,
WaLo,ErLi,,
WaLo,ZaMi,,
WaLo,RoKu,,
WaLo,ReKi,,
WaLo,FrSu,,
WaLo,CaLe,,
WaLo,DiMa,,
WaLo,LiFa,,
WaLo,MaMc,,
WaLo,KaKi,,
WaLo,AdZy,,
WaLo,StLPD,,
WaLo,JoKa,,
WaLo,MeTw,,
WaLo,RoFa,,
WaLo,PrDe,,
WaLo,WaPo,,
WaLo,ArRe,,
WaLo,UsTo,,
WaLo,CiEn,,
WaLo,ClBa,,
WaLo,AnMa,,
WaLo,MaMo,,
WaLo,RaKaGh,,
WaLo,JoAr,,
WaLo,JeSa,,
WaLo,AnDo,,
WaLo,JaHa,,
WaLo,MiSl,,
WaLo,RyKe,,
WaLo,AsPr,,
WaLo,LAT,,
WaLo,LLA,,
WaLo,AnCo,,
WaLo,MiBr,,
WaLo,TCM,,
WaLo,KeAr,,
WaLo,MiLa,,
WaLo,CaFi,,
WaLo,LiGa,,
WaLo,AJR,,
WaLo,KaSc,,
WaLo,FaSt,,
WaLo,EmNu,,
WaLo,JoHa,,
WaLo,BrGl,,
WaLo,JaOh,,
WaLo,MaLi,,
WaLo,SePo,,
WaLo,TyHi,,
WaLo,DaEt,,
WaLo,JeRi,,
WaLo,GU,,
WaLo,BG,,
WaLo,"ChHa
",,
WaLo,ElSa,,
WaLo,WiHo,,
WaLo,DaPh,,
WaLo,JaSz,,
WaLo,AnMa,,
WaLo,StHe,,
WaLo,InSa,,
WaLo,OR,,
WaLo,KeSi,,
WaLo,JosHa,,
KySo,HaDr,,
KySo,ToMe,,
KySo,CaLo,,
KySo,BrSt,,
KySo,DarBe,,
KySo,LoTu,,
KySo,DaBe,,
KySo,RoMo,,
KySo,SaRy,,
KySo,ErUm,,
KySo,ErEy,,
KySo,GeRy,,
KySo,MaWa,,
KySo,NiNe,,
KySo,FrOb,,
KySo,BaOb,,
KySo,KeHa,,
KySo,EBT,,
KySo,SLT,,
KySo,NYT,,
KySo,DaFa,,
KySo,ChCh,,
KySo,PeNo,,
KySo,HiAl,,
KySo,ArCu,,
KySo,JiMo,,
KySo,JaWa,,
KySo,PaC,,
KySo,ST,,
KySo,ErLi,,
KySo,ZaMi,,
KySo,RoKu,,
KySo,ReKi,,
KySo,FrSu,,
KySo,CaLe,,
KySo,DiMa,,
KySo,LiFa,,
KySo,MaMc,,
KySo,KaKi,,
KySo,AdZy,,
KySo,StLPD,,
KySo,JoKa,,
KySo,MeTw,,
KySo,RoFa,,
KySo,PrDe,,
KySo,WaPo,,
KySo,ArRe,,
KySo,UsTo,,
KySo,CiEn,,
KySo,ClBa,,
KySo,AnMa,,
KySo,MaMo,,
KySo,RaKaGh,,
KySo,JoAr,,
KySo,JeSa,,
KySo,AnDo,,
KySo,JaHa,,
KySo,MiSl,,
KySo,RyKe,,
KySo,AsPr,,
KySo,LAT,,
KySo,LLA,,
KySo,AnCo,,
KySo,MiBr,,
KySo,TCM,,
KySo,KeAr,,
KySo,MiLa,,
KySo,CaFi,,
KySo,LiGa,,
KySo,AJR,,
KySo,KaSc,,
KySo,FaSt,,
KySo,EmNu,,
KySo,JoHa,,
KySo,BrGl,,
KySo,JaOh,,
KySo,MaLi,,
KySo,SePo,,
KySo,TyHi,,
KySo,DaEt,,
KySo,JeRi,,
KySo,GU,,
KySo,BG,,
KySo,"ChHa
",,
KySo,ElSa,,
KySo,WiHo,,
KySo,DaPh,,
KySo,JaSz,,
KySo,AnMa,,
KySo,StHe,,
KySo,InSa,,
KySo,OR,,
KySo,KeSi,,
KySo,JosHa,,
HaDr,ToMe,,
HaDr,CaLo,,
HaDr,BrSt,,
HaDr,DarBe,,
HaDr,LoTu,,
HaDr,DaBe,,
HaDr,RoMo,,
HaDr,SaRy,,
HaDr,ErUm,,
HaDr,ErEy,,
HaDr,GeRy,,
HaDr,MaWa,,
HaDr,NiNe,,
HaDr,FrOb,,
HaDr,BaOb,,
HaDr,KeHa,,
HaDr,EBT,,
HaDr,SLT,,
HaDr,NYT,,
HaDr,DaFa,,
HaDr,ChCh,,
HaDr,PeNo,,
HaDr,HiAl,,
HaDr,ArCu,,
HaDr,JiMo,,
HaDr,JaWa,,
HaDr,PaC,,
HaDr,ST,,
HaDr,ErLi,,
HaDr,ZaMi,,
HaDr,RoKu,,
HaDr,ReKi,,
HaDr,FrSu,,
HaDr,CaLe,,
HaDr,DiMa,,
HaDr,LiFa,,
HaDr,MaMc,,
HaDr,KaKi,,
HaDr,AdZy,,
HaDr,StLPD,,
HaDr,JoKa,,
HaDr,MeTw,,
HaDr,RoFa,,
HaDr,PrDe,,
HaDr,WaPo,,
HaDr,ArRe,,
HaDr,UsTo,,
HaDr,CiEn,,
HaDr,ClBa,,
HaDr,AnMa,,
HaDr,MaMo,,
HaDr,RaKaGh,,
HaDr,JoAr,,
HaDr,JeSa,,
HaDr,AnDo,,
HaDr,JaHa,,
HaDr,MiSl,,
HaDr,RyKe,,
HaDr,AsPr,,
HaDr,LAT,,
HaDr,LLA,,
HaDr,AnCo,,
HaDr,MiBr,,
HaDr,TCM,,
HaDr,KeAr,,
HaDr,MiLa,,
HaDr,CaFi,,
HaDr,LiGa,,
HaDr,AJR,,
HaDr,KaSc,,
HaDr,FaSt,,
HaDr,EmNu,,
HaDr,JoHa,,
HaDr,BrGl,,
HaDr,JaOh,,
HaDr,MaLi,,
HaDr,SePo,,
HaDr,TyHi,,
HaDr,DaEt,,
HaDr,JeRi,,
HaDr,GU,,
HaDr,BG,,
HaDr,"ChHa
",,
HaDr,ElSa,,
HaDr,WiHo,,
HaDr,DaPh,,
HaDr,JaSz,,
HaDr,AnMa,,
HaDr,StHe,,
HaDr,InSa,,
HaDr,OR,,
HaDr,KeSi,,
HaDr,JosHa,,
ToMe,CaLo,,
ToMe,BrSt,,
ToMe,DarBe,,
ToMe,LoTu,,
ToMe,DaBe,,
ToMe,RoMo,,
ToMe,SaRy,,
ToMe,ErUm,,
ToMe,ErEy,,
ToMe,GeRy,,
ToMe,MaWa,,
ToMe,NiNe,,
ToMe,FrOb,,
ToMe,BaOb,,
ToMe,KeHa,,
ToMe,EBT,,
ToMe,SLT,,
ToMe,NYT,,
ToMe,DaFa,,
ToMe,ChCh,,
ToMe,PeNo,,
ToMe,HiAl,,
ToMe,ArCu,,
ToMe,JiMo,,
ToMe,JaWa,,
ToMe,PaC,,
ToMe,ST,,
ToMe,ErLi,,
ToMe,ZaMi,,
ToMe,RoKu,,
ToMe,ReKi,,
ToMe,FrSu,,
ToMe,CaLe,,
ToMe,DiMa,,
ToMe,LiFa,,
ToMe,MaMc,,
ToMe,KaKi,,
ToMe,AdZy,,
ToMe,StLPD,,
ToMe,JoKa,,
ToMe,MeTw,,
ToMe,RoFa,,
ToMe,PrDe,,
ToMe,WaPo,,
ToMe,ArRe,,
ToMe,UsTo,,
ToMe,CiEn,,
ToMe,ClBa,,
ToMe,AnMa,,
ToMe,MaMo,,
ToMe,RaKaGh,,
ToMe,JoAr,,
ToMe,JeSa,,
ToMe,AnDo,,
ToMe,JaHa,,
ToMe,MiSl,,
ToMe,RyKe,,
ToMe,AsPr,,
ToMe,LAT,,
ToMe,LLA,,
ToMe,AnCo,,
ToMe,MiBr,,
ToMe,TCM,,
ToMe,KeAr,,
ToMe,MiLa,,
ToMe,CaFi,,
ToMe,LiGa,,
ToMe,AJR,,
ToMe,KaSc,,
ToMe,FaSt,,
ToMe,EmNu,,
ToMe,JoHa,,
ToMe,BrGl,,
ToMe,JaOh,,
ToMe,MaLi,,
ToMe,SePo,,
ToMe,TyHi,,
ToMe,DaEt,,
ToMe,JeRi,,
ToMe,GU,,
ToMe,BG,,
ToMe,"ChHa
",,
ToMe,ElSa,,
ToMe,WiHo,,
ToMe,DaPh,,
ToMe,JaSz,,
ToMe,AnMa,,
ToMe,StHe,,
ToMe,InSa,,
ToMe,OR,,
ToMe,KeSi,,
ToMe,JosHa,,
CaLo,BrSt,,
CaLo,DarBe,,
CaLo,LoTu,,
CaLo,DaBe,,
CaLo,RoMo,,
CaLo,SaRy,,
CaLo,ErUm,,
CaLo,ErEy,,
CaLo,GeRy,,
CaLo,MaWa,,
CaLo,NiNe,,
CaLo,FrOb,,
CaLo,BaOb,,
CaLo,KeHa,,
CaLo,EBT,,
CaLo,SLT,,
CaLo,NYT,,
CaLo,DaFa,,
CaLo,ChCh,,
CaLo,PeNo,,
CaLo,HiAl,,
CaLo,ArCu,,
CaLo,JiMo,,
CaLo,JaWa,,
CaLo,PaC,,
CaLo,ST,,
CaLo,ErLi,,
CaLo,ZaMi,,
CaLo,RoKu,,
CaLo,ReKi,,
CaLo,FrSu,,
CaLo,CaLe,,
CaLo,DiMa,,
CaLo,LiFa,,
CaLo,MaMc,,
CaLo,KaKi,,
CaLo,AdZy,,
CaLo,StLPD,,
CaLo,JoKa,,
CaLo,MeTw,,
CaLo,RoFa,,
CaLo,PrDe,,
CaLo,WaPo,,
CaLo,ArRe,,
CaLo,UsTo,,
CaLo,CiEn,,
CaLo,ClBa,,
CaLo,AnMa,,
CaLo,MaMo,,
CaLo,RaKaGh,,
CaLo,JoAr,,
CaLo,JeSa,,
CaLo,AnDo,,
CaLo,JaHa,,
CaLo,MiSl,,
CaLo,RyKe,,
CaLo,AsPr,,
CaLo,LAT,,
CaLo,LLA,,
CaLo,AnCo,,
CaLo,MiBr,,
CaLo,TCM,,
CaLo,KeAr,,
CaLo,MiLa,,
CaLo,CaFi,,
CaLo,LiGa,,
CaLo,AJR,,
CaLo,KaSc,,
CaLo,FaSt,,
CaLo,EmNu,,
CaLo,JoHa,,
CaLo,BrGl,,
CaLo,JaOh,,
CaLo,MaLi,,
CaLo,SePo,,
CaLo,TyHi,,
CaLo,DaEt,,
CaLo,JeRi,,
CaLo,GU,,
CaLo,BG,,
CaLo,"ChHa
",,
CaLo,ElSa,,
CaLo,WiHo,,
CaLo,DaPh,,
CaLo,JaSz,,
CaLo,AnMa,,
CaLo,StHe,,
CaLo,InSa,,
CaLo,OR,,
CaLo,KeSi,,
CaLo,JosHa,,
BrSt,DarBe,,
BrSt,LoTu,,
BrSt,DaBe,,
BrSt,RoMo,,
BrSt,SaRy,,
BrSt,ErUm,,
BrSt,ErEy,,
BrSt,GeRy,,
BrSt,MaWa,,
BrSt,NiNe,,
BrSt,FrOb,,
BrSt,BaOb,,
BrSt,KeHa,,
BrSt,EBT,,
BrSt,SLT,,
BrSt,NYT,,
BrSt,DaFa,,
BrSt,ChCh,,
BrSt,PeNo,,
BrSt,HiAl,,
BrSt,ArCu,,
BrSt,JiMo,,
BrSt,JaWa,,
BrSt,PaC,,
BrSt,ST,,
BrSt,ErLi,,
BrSt,ZaMi,,
BrSt,RoKu,,
BrSt,ReKi,,
BrSt,FrSu,,
BrSt,CaLe,,
BrSt,DiMa,,
BrSt,LiFa,,
BrSt,MaMc,,
BrSt,KaKi,,
BrSt,AdZy,,
BrSt,StLPD,,
BrSt,JoKa,,
BrSt,MeTw,,
BrSt,RoFa,,
BrSt,PrDe,,
BrSt,WaPo,,
BrSt,ArRe,,
BrSt,UsTo,,
BrSt,CiEn,,
BrSt,ClBa,,
BrSt,AnMa,,
BrSt,MaMo,,
BrSt,RaKaGh,,
BrSt,JoAr,,
BrSt,JeSa,,
BrSt,AnDo,,
BrSt,JaHa,,
BrSt,MiSl,,
BrSt,RyKe,,
BrSt,AsPr,,
BrSt,LAT,,
BrSt,LLA,,
BrSt,AnCo,,
BrSt,MiBr,,
BrSt,TCM,,
BrSt,KeAr,,
BrSt,MiLa,,
BrSt,CaFi,,
BrSt,LiGa,,
BrSt,AJR,,
BrSt,KaSc,,
BrSt,FaSt,,
BrSt,EmNu,,
BrSt,JoHa,,
BrSt,BrGl,,
BrSt,JaOh,,
BrSt,MaLi,,
BrSt,SePo,,
BrSt,TyHi,,
BrSt,DaEt,,
BrSt,JeRi,,
BrSt,GU,,
BrSt,BG,,
BrSt,"ChHa
",,
BrSt,ElSa,,
BrSt,WiHo,,
BrSt,DaPh,,
BrSt,JaSz,,
BrSt,AnMa,,
BrSt,StHe,,
BrSt,InSa,,
BrSt,OR,,
BrSt,KeSi,,
BrSt,JosHa,,
DarBe,LoTu,,
DarBe,DaBe,,
DarBe,RoMo,,
DarBe,SaRy,,
DarBe,ErUm,,
DarBe,ErEy,,
DarBe,GeRy,,
DarBe,MaWa,,
DarBe,NiNe,,
DarBe,FrOb,,
DarBe,BaOb,,
DarBe,KeHa,,
DarBe,EBT,,
DarBe,SLT,,
DarBe,NYT,,
DarBe,DaFa,,
DarBe,ChCh,,
DarBe,PeNo,,
DarBe,HiAl,,
DarBe,ArCu,,
DarBe,JiMo,,
DarBe,JaWa,,
DarBe,PaC,,
DarBe,ST,,
DarBe,ErLi,,
DarBe,ZaMi,,
DarBe,RoKu,,
DarBe,ReKi,,
DarBe,FrSu,,
DarBe,CaLe,,
DarBe,DiMa,,
DarBe,LiFa,,
DarBe,MaMc,,
DarBe,KaKi,,
DarBe,AdZy,,
DarBe,StLPD,,
DarBe,JoKa,,
DarBe,MeTw,,
DarBe,RoFa,,
DarBe,PrDe,,
DarBe,WaPo,,
DarBe,ArRe,,
DarBe,UsTo,,
DarBe,CiEn,,
DarBe,ClBa,,
DarBe,AnMa,,
DarBe,MaMo,,
DarBe,RaKaGh,,
DarBe,JoAr,,
DarBe,JeSa,,
DarBe,AnDo,,
DarBe,JaHa,,
DarBe,MiSl,,
DarBe,RyKe,,
DarBe,AsPr,,
DarBe,LAT,,
DarBe,LLA,,
DarBe,AnCo,,
DarBe,MiBr,,
DarBe,TCM,,
DarBe,KeAr,,
DarBe,MiLa,,
DarBe,CaFi,,
DarBe,LiGa,,
DarBe,AJR,,
DarBe,KaSc,,
DarBe,FaSt,,
DarBe,EmNu,,
DarBe,JoHa,,
DarBe,BrGl,,
DarBe,JaOh,,
DarBe,MaLi,,
DarBe,SePo,,
DarBe,TyHi,,
DarBe,DaEt,,
DarBe,JeRi,,
DarBe,GU,,
DarBe,BG,,
DarBe,"ChHa
",,
DarBe,ElSa,,
DarBe,WiHo,,
DarBe,DaPh,,
DarBe,JaSz,,
DarBe,AnMa,,
DarBe,StHe,,
DarBe,InSa,,
DarBe,OR,,
DarBe,KeSi,,
DarBe,JosHa,,
LoTu,DaBe,,
LoTu,RoMo,,
LoTu,SaRy,,
LoTu,ErUm,,
LoTu,ErEy,,
LoTu,GeRy,,
LoTu,MaWa,,
LoTu,NiNe,,
LoTu,FrOb,,
LoTu,BaOb,,
LoTu,KeHa,,
LoTu,EBT,,
LoTu,SLT,,
LoTu,NYT,,
LoTu,DaFa,,
LoTu,ChCh,,
LoTu,PeNo,,
LoTu,HiAl,,
LoTu,ArCu,,
LoTu,JiMo,,
LoTu,JaWa,,
LoTu,PaC,,
LoTu,ST,,
LoTu,ErLi,,
LoTu,ZaMi,,
LoTu,RoKu,,
LoTu,ReKi,,
LoTu,FrSu,,
LoTu,CaLe,,
LoTu,DiMa,,
LoTu,LiFa,,
LoTu,MaMc,,
LoTu,KaKi,,
LoTu,AdZy,,
LoTu,StLPD,,
LoTu,JoKa,,
LoTu,MeTw,,
LoTu,RoFa,,
LoTu,PrDe,,
LoTu,WaPo,,
LoTu,ArRe,,
LoTu,UsTo,,
LoTu,CiEn,,
LoTu,ClBa,,
LoTu,AnMa,,
LoTu,MaMo,,
LoTu,RaKaGh,,
LoTu,JoAr,,
LoTu,JeSa,,
LoTu,AnDo,,
LoTu,JaHa,,
LoTu,MiSl,,
LoTu,RyKe,,
LoTu,AsPr,,
LoTu,LAT,,
LoTu,LLA,,
LoTu,AnCo,,
LoTu,MiBr,,
LoTu,TCM,,
LoTu,KeAr,,
LoTu,MiLa,,
LoTu,CaFi,,
LoTu,LiGa,,
LoTu,AJR,,
LoTu,KaSc,,
LoTu,FaSt,,
LoTu,EmNu,,
LoTu,JoHa,,
LoTu,BrGl,,
LoTu,JaOh,,
LoTu,MaLi,,
LoTu,SePo,,
LoTu,TyHi,,
LoTu,DaEt,,
LoTu,JeRi,,
LoTu,GU,,
LoTu,BG,,
LoTu,"ChHa
",,
LoTu,ElSa,,
LoTu,WiHo,,
LoTu,DaPh,,
LoTu,JaSz,,
LoTu,AnMa,,
LoTu,StHe,,
LoTu,InSa,,
LoTu,OR,,
LoTu,KeSi,,
LoTu,JosHa,,
DaBe,RoMo,,
DaBe,SaRy,,
DaBe,ErUm,,
DaBe,ErEy,,
DaBe,GeRy,,
DaBe,MaWa,,
DaBe,NiNe,,
DaBe,FrOb,,
DaBe,BaOb,,
DaBe,KeHa,,
DaBe,EBT,,
DaBe,SLT,,
DaBe,NYT,,
DaBe,DaFa,,
DaBe,ChCh,,
DaBe,PeNo,,
DaBe,HiAl,,
DaBe,ArCu,,
DaBe,JiMo,,
DaBe,JaWa,,
DaBe,PaC,,
DaBe,ST,,
DaBe,ErLi,,
DaBe,ZaMi,,
DaBe,RoKu,,
DaBe,ReKi,,
DaBe,FrSu,,
DaBe,CaLe,,
DaBe,DiMa,,
DaBe,LiFa,,
DaBe,MaMc,,
DaBe,KaKi,,
DaBe,AdZy,,
DaBe,StLPD,,
DaBe,JoKa,,
DaBe,MeTw,,
DaBe,RoFa,,
DaBe,PrDe,,
DaBe,WaPo,,
DaBe,ArRe,,
DaBe,UsTo,,
DaBe,CiEn,,
DaBe,ClBa,,
DaBe,AnMa,,
DaBe,MaMo,,
DaBe,RaKaGh,,
DaBe,JoAr,,
DaBe,JeSa,,
DaBe,AnDo,,
DaBe,JaHa,,
DaBe,MiSl,,
DaBe,RyKe,,
DaBe,AsPr,,
DaBe,LAT,,
DaBe,LLA,,
DaBe,AnCo,,
DaBe,MiBr,,
DaBe,TCM,,
DaBe,KeAr,,
DaBe,MiLa,,
DaBe,CaFi,,
DaBe,LiGa,,
DaBe,AJR,,
DaBe,KaSc,,
DaBe,FaSt,,
DaBe,EmNu,,
DaBe,JoHa,,
DaBe,BrGl,,
DaBe,JaOh,,
DaBe,MaLi,,
DaBe,SePo,,
DaBe,TyHi,,
DaBe,DaEt,,
DaBe,JeRi,,
DaBe,GU,,
DaBe,BG,,
DaBe,"ChHa
",,
DaBe,ElSa,,
DaBe,WiHo,,
DaBe,DaPh,,
DaBe,JaSz,,
DaBe,AnMa,,
DaBe,StHe,,
DaBe,InSa,,
DaBe,OR,,
DaBe,KeSi,,
DaBe,JosHa,,
RoMo,SaRy,3,
RoMo,ErUm,3,
RoMo,ErEy,,
RoMo,GeRy,,
RoMo,MaWa,,
RoMo,NiNe,,
RoMo,FrOb,,
RoMo,BaOb,,
RoMo,KeHa,,
RoMo,EBT,,
RoMo,SLT,,
RoMo,NYT,,
RoMo,DaFa,,
RoMo,ChCh,,
RoMo,PeNo,,
RoMo,HiAl,,
RoMo,ArCu,,
RoMo,JiMo,,
RoMo,JaWa,,
RoMo,PaC,,
RoMo,ST,,
RoMo,ErLi,,
RoMo,ZaMi,,
RoMo,RoKu,,
RoMo,ReKi,,
RoMo,FrSu,,
RoMo,CaLe,,
RoMo,DiMa,,
RoMo,LiFa,,
RoMo,MaMc,,
RoMo,KaKi,,
RoMo,AdZy,,
RoMo,StLPD,,
RoMo,JoKa,,
RoMo,MeTw,,
RoMo,RoFa,,
RoMo,PrDe,,
RoMo,WaPo,,
RoMo,ArRe,,
RoMo,UsTo,,
RoMo,CiEn,,
RoMo,ClBa,,
RoMo,AnMa,,
RoMo,MaMo,,
RoMo,RaKaGh,,
RoMo,JoAr,,
RoMo,JeSa,,
RoMo,AnDo,,
RoMo,JaHa,,
RoMo,MiSl,,
RoMo,RyKe,,
RoMo,AsPr,,
RoMo,LAT,,
RoMo,LLA,,
RoMo,AnCo,,
RoMo,MiBr,,
RoMo,TCM,,
RoMo,KeAr,,
RoMo,MiLa,,
RoMo,CaFi,,
RoMo,LiGa,,
RoMo,AJR,,
RoMo,KaSc,,
RoMo,FaSt,,
RoMo,EmNu,,
RoMo,JoHa,,
RoMo,BrGl,,
RoMo,JaOh,,
RoMo,MaLi,,
RoMo,SePo,,
RoMo,TyHi,,
RoMo,DaEt,,
RoMo,JeRi,,
RoMo,GU,,
RoMo,BG,,
RoMo,"ChHa
",,
RoMo,ElSa,,
RoMo,WiHo,,
RoMo,DaPh,,
RoMo,JaSz,,
RoMo,AnMa,,
RoMo,StHe,,
RoMo,InSa,,
RoMo,OR,,
RoMo,KeSi,,
RoMo,JosHa,,
SaRy,ErUm,2,
SaRy,ErEy,2,
SaRy,GeRy,,
SaRy,MaWa,,
SaRy,NiNe,1,
SaRy,FrOb,,
SaRy,BaOb,,
SaRy,KeHa,,
SaRy,EBT,,
SaRy,SLT,,
SaRy,NYT,1,
SaRy,DaFa,1,
SaRy,ChCh,,
SaRy,PeNo,,
SaRy,HiAl,,
SaRy,ArCu,,
SaRy,JiMo,,
SaRy,JaWa,,
SaRy,PaC,,
SaRy,ST,,
SaRy,ErLi,,
SaRy,ZaMi,,
SaRy,RoKu,,
SaRy,ReKi,,
SaRy,FrSu,,
SaRy,CaLe,,
SaRy,DiMa,,
SaRy,LiFa,,
SaRy,MaMc,,
SaRy,KaKi,,
SaRy,AdZy,,
SaRy,StLPD,,
SaRy,JoKa,,
SaRy,MeTw,,
SaRy,RoFa,,
SaRy,PrDe,,
SaRy,WaPo,,
SaRy,ArRe,,
SaRy,UsTo,,
SaRy,CiEn,,
SaRy,ClBa,,
SaRy,AnMa,,
SaRy,MaMo,,
SaRy,RaKaGh,,
SaRy,JoAr,,
SaRy,JeSa,,
SaRy,AnDo,,
SaRy,JaHa,,
SaRy,MiSl,,
SaRy,RyKe,,
SaRy,AsPr,,
SaRy,LAT,,
SaRy,LLA,,
SaRy,AnCo,,
SaRy,MiBr,,
SaRy,TCM,,
SaRy,KeAr,,
SaRy,MiLa,,
SaRy,CaFi,,
SaRy,LiGa,,
SaRy,AJR,,
SaRy,KaSc,,
SaRy,FaSt,,
SaRy,EmNu,,
SaRy,JoHa,,
SaRy,BrGl,,
SaRy,JaOh,,
SaRy,MaLi,,
SaRy,SePo,,
SaRy,TyHi,,
SaRy,DaEt,,
SaRy,JeRi,,
SaRy,GU,,
SaRy,BG,,
SaRy,"ChHa
",,
SaRy,ElSa,,
SaRy,WiHo,,
SaRy,DaPh,,
SaRy,JaSz,,
SaRy,AnMa,,
SaRy,StHe,,
SaRy,InSa,,
SaRy,OR,,
SaRy,KeSi,,
SaRy,JosHa,,
ErUm,ErEy,,
ErUm,GeRy,,
ErUm,MaWa,2,
ErUm,NiNe,1,
ErUm,FrOb,,
ErUm,BaOb,,
ErUm,KeHa,,
ErUm,EBT,,
ErUm,SLT,,
ErUm,NYT,2,
ErUm,DaFa,2,
ErUm,ChCh,1,
ErUm,PeNo,,
ErUm,HiAl,,
ErUm,ArCu,,
ErUm,JiMo,,
ErUm,JaWa,,
ErUm,PaC,,
ErUm,ST,,
ErUm,ErLi,,
ErUm,ZaMi,,
ErUm,RoKu,,
ErUm,ReKi,,
ErUm,FrSu,,
ErUm,CaLe,,
ErUm,DiMa,,
ErUm,LiFa,,
ErUm,MaMc,,
ErUm,KaKi,,
ErUm,AdZy,,
ErUm,StLPD,,
ErUm,JoKa,,
ErUm,MeTw,,
ErUm,RoFa,,
ErUm,PrDe,,
ErUm,WaPo,,
ErUm,ArRe,,
ErUm,UsTo,,
ErUm,CiEn,,
ErUm,ClBa,,
ErUm,AnMa,,
ErUm,MaMo,,
ErUm,RaKaGh,,
ErUm,JoAr,,
ErUm,JeSa,,
ErUm,AnDo,,
ErUm,JaHa,,
ErUm,MiSl,,
ErUm,RyKe,,
ErUm,AsPr,,
ErUm,LAT,,
ErUm,LLA,,
ErUm,AnCo,,
ErUm,MiBr,,
ErUm,TCM,,
ErUm,KeAr,,
ErUm,MiLa,,
ErUm,CaFi,,
ErUm,LiGa,,
ErUm,AJR,,
ErUm,KaSc,,
ErUm,FaSt,,
ErUm,EmNu,,
ErUm,JoHa,,
ErUm,BrGl,,
ErUm,JaOh,,
ErUm,MaLi,,
ErUm,SePo,,
ErUm,TyHi,,
ErUm,DaEt,,
ErUm,JeRi,,
ErUm,GU,,
ErUm,BG,,
ErUm,"ChHa
",,
ErUm,ElSa,,
ErUm,WiHo,,
ErUm,DaPh,,
ErUm,JaSz,,
ErUm,AnMa,,
ErUm,StHe,,
ErUm,InSa,,
ErUm,OR,,
ErUm,KeSi,,
ErUm,JosHa,,
ErEy,GeRy,,
ErEy,MaWa,,
ErEy,NiNe,1,
ErEy,FrOb,,
ErEy,BaOb,,
ErEy,KeHa,,
ErEy,EBT,,
ErEy,SLT,,
ErEy,NYT,,
ErEy,DaFa,1,
ErEy,ChCh,,
ErEy,PeNo,,
ErEy,HiAl,,
ErEy,ArCu,,
ErEy,JiMo,,
ErEy,JaWa,,
ErEy,PaC,,
ErEy,ST,,
ErEy,ErLi,,
ErEy,ZaMi,,
ErEy,RoKu,,
ErEy,ReKi,,
ErEy,FrSu,,
ErEy,CaLe,,
ErEy,DiMa,,
ErEy,LiFa,,
ErEy,MaMc,,
ErEy,KaKi,,
ErEy,AdZy,,
ErEy,StLPD,,
ErEy,JoKa,,
ErEy,MeTw,,
ErEy,RoFa,,
ErEy,PrDe,,
ErEy,WaPo,,
ErEy,ArRe,,
ErEy,UsTo,,
ErEy,CiEn,,
ErEy,ClBa,,
ErEy,AnMa,,
ErEy,MaMo,,
ErEy,RaKaGh,,
ErEy,JoAr,,
ErEy,JeSa,,
ErEy,AnDo,,
ErEy,JaHa,,
ErEy,MiSl,,
ErEy,RyKe,,
ErEy,AsPr,,
ErEy,LAT,,
ErEy,LLA,,
ErEy,AnCo,,
ErEy,MiBr,,
ErEy,TCM,,
ErEy,KeAr,,
ErEy,MiLa,,
ErEy,CaFi,,
ErEy,LiGa,,
ErEy,AJR,,
ErEy,KaSc,,
ErEy,FaSt,,
ErEy,EmNu,,
ErEy,JoHa,,
ErEy,BrGl,,
ErEy,JaOh,,
ErEy,MaLi,,
ErEy,SePo,,
ErEy,TyHi,,
ErEy,DaEt,,
ErEy,JeRi,,
ErEy,GU,,
ErEy,BG,,
ErEy,"ChHa
",,
ErEy,ElSa,,
ErEy,WiHo,,
ErEy,DaPh,,
ErEy,JaSz,,
ErEy,AnMa,,
ErEy,StHe,,
ErEy,InSa,,
ErEy,OR,,
ErEy,KeSi,,
ErEy,JosHa,,
GeRy,MaWa,3,
GeRy,NiNe,1,
GeRy,FrOb,2,
GeRy,BaOb,2,
GeRy,KeHa,2,
GeRy,EBT,,
GeRy,SLT,,
GeRy,NYT,2,
GeRy,DaFa,,
GeRy,ChCh,,
GeRy,PeNo,,
GeRy,HiAl,,
GeRy,ArCu,,
GeRy,JiMo,,
GeRy,JaWa,,
GeRy,PaC,,
GeRy,ST,,
GeRy,ErLi,,
GeRy,ZaMi,,
GeRy,RoKu,,
GeRy,ReKi,,
GeRy,FrSu,,
GeRy,CaLe,,
GeRy,DiMa,,
GeRy,LiFa,,
GeRy,MaMc,,
GeRy,KaKi,,
GeRy,AdZy,,
GeRy,StLPD,,
GeRy,JoKa,,
GeRy,MeTw,,
GeRy,RoFa,,
GeRy,PrDe,,
GeRy,WaPo,,
GeRy,ArRe,,
GeRy,UsTo,,
GeRy,CiEn,,
GeRy,ClBa,,
GeRy,AnMa,,
GeRy,MaMo,,
GeRy,RaKaGh,,
GeRy,JoAr,,
GeRy,JeSa,,
GeRy,AnDo,,
GeRy,JaHa,,
GeRy,MiSl,,
GeRy,RyKe,,
GeRy,AsPr,,
GeRy,LAT,,
GeRy,LLA,,
GeRy,AnCo,,
GeRy,MiBr,,
GeRy,TCM,,
GeRy,KeAr,,
GeRy,MiLa,,
GeRy,CaFi,,
GeRy,LiGa,,
GeRy,AJR,,
GeRy,KaSc,,
GeRy,FaSt,,
GeRy,EmNu,,
GeRy,JoHa,,
GeRy,BrGl,,
GeRy,JaOh,,
GeRy,MaLi,,
GeRy,SePo,,
GeRy,TyHi,,
GeRy,DaEt,,
GeRy,JeRi,,
GeRy,GU,,
GeRy,BG,,
GeRy,"ChHa
",,
GeRy,ElSa,,
GeRy,WiHo,,
GeRy,DaPh,,
GeRy,JaSz,,
GeRy,AnMa,,
GeRy,StHe,,
GeRy,InSa,,
GeRy,OR,,
GeRy,KeSi,,
GeRy,JosHa,,
MaWa,NiNe,1,
MaWa,FrOb,,
MaWa,BaOb,,
MaWa,KeHa,,
MaWa,EBT,,
MaWa,SLT,,
MaWa,NYT,2,
MaWa,DaFa,1,
MaWa,ChCh,1,
MaWa,PeNo,,
MaWa,HiAl,,
MaWa,ArCu,,
MaWa,JiMo,,
MaWa,JaWa,,
MaWa,PaC,,
MaWa,ST,,
MaWa,ErLi,,
MaWa,ZaMi,,
MaWa,RoKu,,
MaWa,ReKi,,
MaWa,FrSu,,
MaWa,CaLe,,
MaWa,DiMa,,
MaWa,LiFa,,
MaWa,MaMc,,
MaWa,KaKi,,
MaWa,AdZy,,
MaWa,StLPD,,
MaWa,JoKa,,
MaWa,MeTw,,
MaWa,RoFa,,
MaWa,PrDe,,
MaWa,WaPo,,
MaWa,ArRe,,
MaWa,UsTo,,
MaWa,CiEn,,
MaWa,ClBa,,
MaWa,AnMa,,
MaWa,MaMo,,
MaWa,RaKaGh,,
MaWa,JoAr,,
MaWa,JeSa,,
MaWa,AnDo,,
MaWa,JaHa,,
MaWa,MiSl,,
MaWa,RyKe,,
MaWa,AsPr,,
MaWa,LAT,,
MaWa,LLA,,
MaWa,AnCo,,
MaWa,MiBr,,
MaWa,TCM,,
MaWa,KeAr,,
MaWa,MiLa,,
MaWa,CaFi,,
MaWa,LiGa,,
MaWa,AJR,,
MaWa,KaSc,,
MaWa,FaSt,,
MaWa,EmNu,,
MaWa,JoHa,,
MaWa,BrGl,,
MaWa,JaOh,,
MaWa,MaLi,,
MaWa,SePo,,
MaWa,TyHi,,
MaWa,DaEt,,
MaWa,JeRi,,
MaWa,GU,,
MaWa,BG,,
MaWa,"ChHa
",,
MaWa,ElSa,,
MaWa,WiHo,,
MaWa,DaPh,,
MaWa,JaSz,,
MaWa,AnMa,,
MaWa,StHe,,
MaWa,InSa,,
MaWa,OR,,
MaWa,KeSi,,
MaWa,JosHa,,
NiNe,FrOb,,
NiNe,BaOb,,
NiNe,KeHa,,
NiNe,EBT,,
NiNe,SLT,,
NiNe,NYT,,
NiNe,DaFa,,
NiNe,ChCh,,
NiNe,PeNo,,
NiNe,HiAl,,
NiNe,ArCu,,
NiNe,JiMo,,
NiNe,JaWa,,
NiNe,PaC,,
NiNe,ST,,
NiNe,ErLi,,
NiNe,ZaMi,,
NiNe,RoKu,,
NiNe,ReKi,,
NiNe,FrSu,,
NiNe,CaLe,,
NiNe,DiMa,,
NiNe,LiFa,,
NiNe,MaMc,,
NiNe,KaKi,,
NiNe,AdZy,,
NiNe,StLPD,,
NiNe,JoKa,,
NiNe,MeTw,,
NiNe,RoFa,,
NiNe,PrDe,,
NiNe,WaPo,,
NiNe,ArRe,,
NiNe,UsTo,,
NiNe,CiEn,,
NiNe,ClBa,,
NiNe,AnMa,,
NiNe,MaMo,,
NiNe,RaKaGh,,
NiNe,JoAr,,
NiNe,JeSa,,
NiNe,AnDo,,
NiNe,JaHa,,
NiNe,MiSl,,
NiNe,RyKe,,
NiNe,AsPr,,
NiNe,LAT,,
NiNe,LLA,,
NiNe,AnCo,,
NiNe,MiBr,,
NiNe,TCM,,
NiNe,KeAr,,
NiNe,MiLa,,
NiNe,CaFi,,
NiNe,LiGa,,
NiNe,AJR,,
NiNe,KaSc,,
NiNe,FaSt,,
NiNe,EmNu,,
NiNe,JoHa,,
NiNe,BrGl,,
NiNe,JaOh,,
NiNe,MaLi,,
NiNe,SePo,,
NiNe,TyHi,,
NiNe,DaEt,,
NiNe,JeRi,,
NiNe,GU,,
NiNe,BG,,
NiNe,"ChHa
",,
NiNe,ElSa,,
NiNe,WiHo,,
NiNe,DaPh,,
NiNe,JaSz,,
NiNe,AnMa,,
NiNe,StHe,,
NiNe,InSa,,
NiNe,OR,,
NiNe,KeSi,,
NiNe,JosHa,,
FrOb,BaOb,3,
FrOb,KeHa,2,
FrOb,EBT,,
FrOb,SLT,,
FrOb,NYT,2,
FrOb,DaFa,1,
FrOb,ChCh,,
FrOb,PeNo,,
FrOb,HiAl,,
FrOb,ArCu,,
FrOb,JiMo,,
FrOb,JaWa,,
FrOb,PaC,,
FrOb,ST,,
FrOb,ErLi,,
FrOb,ZaMi,,
FrOb,RoKu,,
FrOb,ReKi,,
FrOb,FrSu,,
FrOb,CaLe,,
FrOb,DiMa,,
FrOb,LiFa,,
FrOb,MaMc,,
FrOb,KaKi,,
FrOb,AdZy,,
FrOb,StLPD,,
FrOb,JoKa,,
FrOb,MeTw,,
FrOb,RoFa,,
FrOb,PrDe,,
FrOb,WaPo,,
FrOb,ArRe,,
FrOb,UsTo,,
FrOb,CiEn,,
FrOb,ClBa,,
FrOb,AnMa,,
FrOb,MaMo,,
FrOb,RaKaGh,,
FrOb,JoAr,,
FrOb,JeSa,,
FrOb,AnDo,,
FrOb,JaHa,,
FrOb,MiSl,,
FrOb,RyKe,,
FrOb,AsPr,,
FrOb,LAT,,
FrOb,LLA,,
FrOb,AnCo,,
FrOb,MiBr,,
FrOb,TCM,,
FrOb,KeAr,,
FrOb,MiLa,,
FrOb,CaFi,,
FrOb,LiGa,,
FrOb,AJR,,
FrOb,KaSc,,
FrOb,FaSt,,
FrOb,EmNu,,
FrOb,JoHa,,
FrOb,BrGl,,
FrOb,JaOh,,
FrOb,MaLi,,
FrOb,SePo,,
FrOb,TyHi,,
FrOb,DaEt,,
FrOb,JeRi,,
FrOb,GU,,
FrOb,BG,,
FrOb,"ChHa
",,
FrOb,ElSa,,
FrOb,WiHo,,
FrOb,DaPh,,
FrOb,JaSz,,
FrOb,AnMa,,
FrOb,StHe,,
FrOb,InSa,,
FrOb,OR,,
FrOb,KeSi,,
FrOb,JosHa,,
BaOb,KeHa,,
BaOb,EBT,,
BaOb,SLT,,
BaOb,NYT,,
BaOb,DaFa,,
BaOb,ChCh,,
BaOb,PeNo,,
BaOb,HiAl,,
BaOb,ArCu,,
BaOb,JiMo,,
BaOb,JaWa,,
BaOb,PaC,,
BaOb,ST,,
BaOb,ErLi,,
BaOb,ZaMi,,
BaOb,RoKu,,
BaOb,ReKi,,
BaOb,FrSu,,
BaOb,CaLe,,
BaOb,DiMa,,
BaOb,LiFa,,
BaOb,MaMc,,
BaOb,KaKi,,
BaOb,AdZy,,
BaOb,StLPD,,
BaOb,JoKa,,
BaOb,MeTw,,
BaOb,RoFa,,
BaOb,PrDe,,
BaOb,WaPo,,
BaOb,ArRe,,
BaOb,UsTo,,
BaOb,CiEn,,
BaOb,ClBa,,
BaOb,AnMa,,
BaOb,MaMo,,
BaOb,RaKaGh,,
BaOb,JoAr,,
BaOb,JeSa,,
BaOb,AnDo,,
BaOb,JaHa,,
BaOb,MiSl,,
BaOb,RyKe,,
BaOb,AsPr,,
BaOb,LAT,,
BaOb,LLA,,
BaOb,AnCo,,
BaOb,MiBr,,
BaOb,TCM,,
BaOb,KeAr,,
BaOb,MiLa,,
BaOb,CaFi,,
BaOb,LiGa,,
BaOb,AJR,,
BaOb,KaSc,,
BaOb,FaSt,,
BaOb,EmNu,,
BaOb,JoHa,,
BaOb,BrGl,,
BaOb,JaOh,,
BaOb,MaLi,,
BaOb,SePo,,
BaOb,TyHi,,
BaOb,DaEt,,
BaOb,JeRi,,
BaOb,GU,,
BaOb,BG,,
BaOb,"ChHa
",,
BaOb,ElSa,,
BaOb,WiHo,,
BaOb,DaPh,,
BaOb,JaSz,,
BaOb,AnMa,,
BaOb,StHe,,
BaOb,InSa,,
BaOb,OR,,
BaOb,KeSi,,
BaOb,JosHa,,
KeHa,EBT,,
KeHa,SLT,,
KeHa,NYT,,
KeHa,DaFa,,
KeHa,ChCh,,
KeHa,PeNo,,
KeHa,HiAl,,
KeHa,ArCu,,
KeHa,JiMo,,
KeHa,JaWa,,
KeHa,PaC,,
KeHa,ST,,
KeHa,ErLi,,
KeHa,ZaMi,,
KeHa,RoKu,,
KeHa,ReKi,,
KeHa,FrSu,,
KeHa,CaLe,,
KeHa,DiMa,,
KeHa,LiFa,,
KeHa,MaMc,,
KeHa,KaKi,,
KeHa,AdZy,,
KeHa,StLPD,,
KeHa,JoKa,,
KeHa,MeTw,,
KeHa,RoFa,,
KeHa,PrDe,,
KeHa,WaPo,,
KeHa,ArRe,,
KeHa,UsTo,,
KeHa,CiEn,,
KeHa,ClBa,,
KeHa,AnMa,,
KeHa,MaMo,,
KeHa,RaKaGh,,
KeHa,JoAr,,
KeHa,JeSa,,
KeHa,AnDo,,
KeHa,JaHa,,
KeHa,MiSl,,
KeHa,RyKe,,
KeHa,AsPr,,
KeHa,LAT,,
KeHa,LLA,,
KeHa,AnCo,,
KeHa,MiBr,,
KeHa,TCM,,
KeHa,KeAr,,
KeHa,MiLa,,
KeHa,CaFi,,
KeHa,LiGa,,
KeHa,AJR,,
KeHa,KaSc,,
KeHa,FaSt,,
KeHa,EmNu,,
KeHa,JoHa,,
KeHa,BrGl,,
KeHa,JaOh,,
KeHa,MaLi,,
KeHa,SePo,,
KeHa,TyHi,,
KeHa,DaEt,,
KeHa,JeRi,,
KeHa,GU,,
KeHa,BG,,
KeHa,"ChHa
",,
KeHa,ElSa,,
KeHa,WiHo,,
KeHa,DaPh,,
KeHa,JaSz,,
KeHa,AnMa,,
KeHa,StHe,,
KeHa,InSa,,
KeHa,OR,,
KeHa,KeSi,,
KeHa,JosHa,,
EBT,SLT,,
EBT,NYT,,
EBT,DaFa,,
EBT,ChCh,,
EBT,PeNo,,
EBT,HiAl,,
EBT,ArCu,,
EBT,JiMo,,
EBT,JaWa,,
EBT,PaC,,
EBT,ST,,
EBT,ErLi,,
EBT,ZaMi,,
EBT,RoKu,,
EBT,ReKi,,
EBT,FrSu,,
EBT,CaLe,,
EBT,DiMa,,
EBT,LiFa,,
EBT,MaMc,,
EBT,KaKi,,
EBT,AdZy,,
EBT,StLPD,,
EBT,JoKa,,
EBT,MeTw,,
EBT,RoFa,,
EBT,PrDe,,
EBT,WaPo,,
EBT,ArRe,,
EBT,UsTo,,
EBT,CiEn,,
EBT,ClBa,,
EBT,AnMa,,
EBT,MaMo,,
EBT,RaKaGh,,
EBT,JoAr,,
EBT,JeSa,,
EBT,AnDo,,
EBT,JaHa,,
EBT,MiSl,,
EBT,RyKe,,
EBT,AsPr,,
EBT,LAT,,
EBT,LLA,,
EBT,AnCo,,
EBT,MiBr,,
EBT,TCM,,
EBT,KeAr,,
EBT,MiLa,,
EBT,CaFi,,
EBT,LiGa,,
EBT,AJR,,
EBT,KaSc,,
EBT,FaSt,,
EBT,EmNu,,
EBT,JoHa,,
EBT,BrGl,,
EBT,JaOh,,
EBT,MaLi,,
EBT,SePo,,
EBT,TyHi,,
EBT,DaEt,,
EBT,JeRi,,
EBT,GU,,
EBT,BG,,
EBT,"ChHa
",,
EBT,ElSa,,
EBT,WiHo,,
EBT,DaPh,,
EBT,JaSz,,
EBT,AnMa,,
EBT,StHe,,
EBT,InSa,,
EBT,OR,,
EBT,KeSi,,
EBT,JosHa,,
SLT,NYT,,
SLT,DaFa,,
SLT,ChCh,,
SLT,PeNo,,
SLT,HiAl,,
SLT,ArCu,,
SLT,JiMo,,
SLT,JaWa,,
SLT,PaC,,
SLT,ST,,
SLT,ErLi,,
SLT,ZaMi,,
SLT,RoKu,,
SLT,ReKi,,
SLT,FrSu,,
SLT,CaLe,,
SLT,DiMa,,
SLT,LiFa,,
SLT,MaMc,,
SLT,KaKi,,
SLT,AdZy,,
SLT,StLPD,,
SLT,JoKa,,
SLT,MeTw,,
SLT,RoFa,,
SLT,PrDe,,
SLT,WaPo,,
SLT,ArRe,,
SLT,UsTo,,
SLT,CiEn,,
SLT,ClBa,,
SLT,AnMa,,
SLT,MaMo,,
SLT,RaKaGh,,
SLT,JoAr,,
SLT,JeSa,,
SLT,AnDo,,
SLT,JaHa,,
SLT,MiSl,,
SLT,RyKe,,
SLT,AsPr,,
SLT,LAT,,
SLT,LLA,,
SLT,AnCo,,
SLT,MiBr,,
SLT,TCM,,
SLT,KeAr,,
SLT,MiLa,,
SLT,CaFi,,
SLT,LiGa,,
SLT,AJR,,
SLT,KaSc,,
SLT,FaSt,,
SLT,EmNu,,
SLT,JoHa,,
SLT,BrGl,,
SLT,JaOh,,
SLT,MaLi,,
SLT,SePo,,
SLT,TyHi,,
SLT,DaEt,,
SLT,JeRi,,
SLT,GU,,
SLT,BG,,
SLT,"ChHa
",,
SLT,ElSa,,
SLT,WiHo,,
SLT,DaPh,,
SLT,JaSz,,
SLT,AnMa,,
SLT,StHe,,
SLT,InSa,,
SLT,OR,,
SLT,KeSi,,
SLT,JosHa,,
NYT,DaFa,,
NYT,ChCh,,
NYT,PeNo,,
NYT,HiAl,,
NYT,ArCu,,
NYT,JiMo,,
NYT,JaWa,,
NYT,PaC,,
NYT,ST,,
NYT,ErLi,,
NYT,ZaMi,,
NYT,RoKu,,
NYT,ReKi,,
NYT,FrSu,,
NYT,CaLe,,
NYT,DiMa,,
NYT,LiFa,,
NYT,MaMc,,
NYT,KaKi,,
NYT,AdZy,,
NYT,StLPD,,
NYT,JoKa,,
NYT,MeTw,,
NYT,RoFa,,
NYT,PrDe,,
NYT,WaPo,,
NYT,ArRe,,
NYT,UsTo,,
NYT,CiEn,,
NYT,ClBa,,
NYT,AnMa,,
NYT,MaMo,,
NYT,RaKaGh,,
NYT,JoAr,,
NYT,JeSa,,
NYT,AnDo,,
NYT,JaHa,,
NYT,MiSl,,
NYT,RyKe,,
NYT,AsPr,,
NYT,LAT,,
NYT,LLA,,
NYT,AnCo,,
NYT,MiBr,,
NYT,TCM,,
NYT,KeAr,,
NYT,MiLa,,
NYT,CaFi,,
NYT,LiGa,,
NYT,AJR,,
NYT,KaSc,,
NYT,FaSt,,
NYT,EmNu,,
NYT,JoHa,,
NYT,BrGl,,
NYT,JaOh,,
NYT,MaLi,,
NYT,SePo,,
NYT,TyHi,,
NYT,DaEt,,
NYT,JeRi,,
NYT,GU,,
NYT,BG,,
NYT,"ChHa
",,
NYT,ElSa,,
NYT,WiHo,,
NYT,DaPh,,
NYT,JaSz,,
NYT,AnMa,,
NYT,StHe,,
NYT,InSa,,
NYT,OR,,
NYT,KeSi,,
NYT,JosHa,,
DaFa,ChCh,,
DaFa,PeNo,,
DaFa,HiAl,,
DaFa,ArCu,,
DaFa,JiMo,,
DaFa,JaWa,,
DaFa,PaC,,
DaFa,ST,,
DaFa,ErLi,,
DaFa,ZaMi,,
DaFa,RoKu,,
DaFa,ReKi,,
DaFa,FrSu,,
DaFa,CaLe,,
DaFa,DiMa,,
DaFa,LiFa,,
DaFa,MaMc,,
DaFa,KaKi,,
DaFa,AdZy,,
DaFa,StLPD,,
DaFa,JoKa,,
DaFa,MeTw,,
DaFa,RoFa,,
DaFa,PrDe,,
DaFa,WaPo,,
DaFa,ArRe,,
DaFa,UsTo,,
DaFa,CiEn,,
DaFa,ClBa,,
DaFa,AnMa,,
DaFa,MaMo,,
DaFa,RaKaGh,,
DaFa,JoAr,,
DaFa,JeSa,,
DaFa,AnDo,,
DaFa,JaHa,,
DaFa,MiSl,,
DaFa,RyKe,,
DaFa,AsPr,,
DaFa,LAT,,
DaFa,LLA,,
DaFa,AnCo,,
DaFa,MiBr,,
DaFa,TCM,,
DaFa,KeAr,,
DaFa,MiLa,,
DaFa,CaFi,,
DaFa,LiGa,,
DaFa,AJR,,
DaFa,KaSc,,
DaFa,FaSt,,
DaFa,EmNu,,
DaFa,JoHa,,
DaFa,BrGl,,
DaFa,JaOh,,
DaFa,MaLi,,
DaFa,SePo,,
DaFa,TyHi,,
DaFa,DaEt,,
DaFa,JeRi,,
DaFa,GU,,
DaFa,BG,,
DaFa,"ChHa
",,
DaFa,ElSa,,
DaFa,WiHo,,
DaFa,DaPh,,
DaFa,JaSz,,
DaFa,AnMa,,
DaFa,StHe,,
DaFa,InSa,,
DaFa,OR,,
DaFa,KeSi,,
DaFa,JosHa,,
ChCh,PeNo,,
ChCh,HiAl,,
ChCh,ArCu,,
ChCh,JiMo,,
ChCh,JaWa,,
ChCh,PaC,,
ChCh,ST,,
ChCh,ErLi,,
ChCh,ZaMi,,
ChCh,RoKu,,
ChCh,ReKi,,
ChCh,FrSu,,
ChCh,CaLe,,
ChCh,DiMa,,
ChCh,LiFa,,
ChCh,MaMc,,
ChCh,KaKi,,
ChCh,AdZy,,
ChCh,StLPD,,
ChCh,JoKa,,
ChCh,MeTw,,
ChCh,RoFa,,
ChCh,PrDe,,
ChCh,WaPo,,
ChCh,ArRe,,
ChCh,UsTo,,
ChCh,CiEn,,
ChCh,ClBa,,
ChCh,AnMa,,
ChCh,MaMo,,
ChCh,RaKaGh,,
ChCh,JoAr,,
ChCh,JeSa,,
ChCh,AnDo,,
ChCh,JaHa,,
ChCh,MiSl,,
ChCh,RyKe,,
ChCh,AsPr,,
ChCh,LAT,,
ChCh,LLA,,
ChCh,AnCo,,
ChCh,MiBr,,
ChCh,TCM,,
ChCh,KeAr,,
ChCh,MiLa,,
ChCh,CaFi,,
ChCh,LiGa,,
ChCh,AJR,,
ChCh,KaSc,,
ChCh,FaSt,,
ChCh,EmNu,,
ChCh,JoHa,,
ChCh,BrGl,,
ChCh,JaOh,,
ChCh,MaLi,,
ChCh,SePo,,
ChCh,TyHi,,
ChCh,DaEt,,
ChCh,JeRi,,
ChCh,GU,,
ChCh,BG,,
ChCh,"ChHa
",,
ChCh,ElSa,,
ChCh,WiHo,,
ChCh,DaPh,,
ChCh,JaSz,,
ChCh,AnMa,,
ChCh,StHe,,
ChCh,InSa,,
ChCh,OR,,
ChCh,KeSi,,
ChCh,JosHa,,
PeNo,HiAl,,
PeNo,ArCu,,
PeNo,JiMo,,
PeNo,JaWa,,
PeNo,PaC,,
PeNo,ST,,
PeNo,ErLi,,
PeNo,ZaMi,,
PeNo,RoKu,,
PeNo,ReKi,,
PeNo,FrSu,,
PeNo,CaLe,,
PeNo,DiMa,,
PeNo,LiFa,,
PeNo,MaMc,,
PeNo,KaKi,,
PeNo,AdZy,,
PeNo,StLPD,,
PeNo,JoKa,,
PeNo,MeTw,,
PeNo,RoFa,,
PeNo,PrDe,,
PeNo,WaPo,,
PeNo,ArRe,,
PeNo,UsTo,,
PeNo,CiEn,,
PeNo,ClBa,,
PeNo,AnMa,,
PeNo,MaMo,,
PeNo,RaKaGh,,
PeNo,JoAr,,
PeNo,JeSa,,
PeNo,AnDo,,
PeNo,JaHa,,
PeNo,MiSl,,
PeNo,RyKe,,
PeNo,AsPr,,
PeNo,LAT,,
PeNo,LLA,,
PeNo,AnCo,,
PeNo,MiBr,,
PeNo,TCM,,
PeNo,KeAr,,
PeNo,MiLa,,
PeNo,CaFi,,
PeNo,LiGa,,
PeNo,AJR,,
PeNo,KaSc,,
PeNo,FaSt,,
PeNo,EmNu,,
PeNo,JoHa,,
PeNo,BrGl,,
PeNo,JaOh,,
PeNo,MaLi,,
PeNo,SePo,,
PeNo,TyHi,,
PeNo,DaEt,,
PeNo,JeRi,,
PeNo,GU,,
PeNo,BG,,
PeNo,"ChHa
",,
PeNo,ElSa,,
PeNo,WiHo,,
PeNo,DaPh,,
PeNo,JaSz,,
PeNo,AnMa,,
PeNo,StHe,,
PeNo,InSa,,
PeNo,OR,,
PeNo,KeSi,,
PeNo,JosHa,,
HiAl,ArCu,,
HiAl,JiMo,,
HiAl,JaWa,,
HiAl,PaC,,
HiAl,ST,,
HiAl,ErLi,,
HiAl,ZaMi,,
HiAl,RoKu,,
HiAl,ReKi,,
HiAl,FrSu,,
HiAl,CaLe,,
HiAl,DiMa,,
HiAl,LiFa,,
HiAl,MaMc,,
HiAl,KaKi,,
HiAl,AdZy,,
HiAl,StLPD,,
HiAl,JoKa,,
HiAl,MeTw,,
HiAl,RoFa,,
HiAl,PrDe,,
HiAl,WaPo,,
HiAl,ArRe,,
HiAl,UsTo,,
HiAl,CiEn,,
HiAl,ClBa,,
HiAl,AnMa,,
HiAl,MaMo,,
HiAl,RaKaGh,,
HiAl,JoAr,,
HiAl,JeSa,,
HiAl,AnDo,,
HiAl,JaHa,,
HiAl,MiSl,,
HiAl,RyKe,,
HiAl,AsPr,,
HiAl,LAT,,
HiAl,LLA,,
HiAl,AnCo,,
HiAl,MiBr,,
HiAl,TCM,,
HiAl,KeAr,,
HiAl,MiLa,,
HiAl,CaFi,,
HiAl,LiGa,,
HiAl,AJR,,
HiAl,KaSc,,
HiAl,FaSt,,
HiAl,EmNu,,
HiAl,JoHa,,
HiAl,BrGl,,
HiAl,JaOh,,
HiAl,MaLi,,
HiAl,SePo,,
HiAl,TyHi,,
HiAl,DaEt,,
HiAl,JeRi,,
HiAl,GU,,
HiAl,BG,,
HiAl,"ChHa
",,
HiAl,ElSa,,
HiAl,WiHo,,
HiAl,DaPh,,
HiAl,JaSz,,
HiAl,AnMa,,
HiAl,StHe,,
HiAl,InSa,,
HiAl,OR,,
HiAl,KeSi,,
HiAl,JosHa,,
ArCu,JiMo,,
ArCu,JaWa,,
ArCu,PaC,,
ArCu,ST,,
ArCu,ErLi,,
ArCu,ZaMi,,
ArCu,RoKu,,
ArCu,ReKi,,
ArCu,FrSu,,
ArCu,CaLe,,
ArCu,DiMa,,
ArCu,LiFa,,
ArCu,MaMc,,
ArCu,KaKi,,
ArCu,AdZy,,
ArCu,StLPD,,
ArCu,JoKa,,
ArCu,MeTw,,
ArCu,RoFa,,
ArCu,PrDe,,
ArCu,WaPo,,
ArCu,ArRe,,
ArCu,UsTo,,
ArCu,CiEn,,
ArCu,ClBa,,
ArCu,AnMa,,
ArCu,MaMo,,
ArCu,RaKaGh,,
ArCu,JoAr,,
ArCu,JeSa,,
ArCu,AnDo,,
ArCu,JaHa,,
ArCu,MiSl,,
ArCu,RyKe,,
ArCu,AsPr,,
ArCu,LAT,,
ArCu,LLA,,
ArCu,AnCo,,
ArCu,MiBr,,
ArCu,TCM,,
ArCu,KeAr,,
ArCu,MiLa,,
ArCu,CaFi,,
ArCu,LiGa,,
ArCu,AJR,,
ArCu,KaSc,,
ArCu,FaSt,,
ArCu,EmNu,,
ArCu,JoHa,,
ArCu,BrGl,,
ArCu,JaOh,,
ArCu,MaLi,,
ArCu,SePo,,
ArCu,TyHi,,
ArCu,DaEt,,
ArCu,JeRi,,
ArCu,GU,,
ArCu,BG,,
ArCu,"ChHa
",,
ArCu,ElSa,,
ArCu,WiHo,,
ArCu,DaPh,,
ArCu,JaSz,,
ArCu,AnMa,,
ArCu,StHe,,
ArCu,InSa,,
ArCu,OR,,
ArCu,KeSi,,
ArCu,JosHa,,
JiMo,JaWa,,
JiMo,PaC,,
JiMo,ST,,
JiMo,ErLi,,
JiMo,ZaMi,,
JiMo,RoKu,,
JiMo,ReKi,,
JiMo,FrSu,,
JiMo,CaLe,,
JiMo,DiMa,,
JiMo,LiFa,,
JiMo,MaMc,,
JiMo,KaKi,,
JiMo,AdZy,,
JiMo,StLPD,,
JiMo,JoKa,,
JiMo,MeTw,,
JiMo,RoFa,,
JiMo,PrDe,,
JiMo,WaPo,,
JiMo,ArRe,,
JiMo,UsTo,,
JiMo,CiEn,,
JiMo,ClBa,,
JiMo,AnMa,,
JiMo,MaMo,,
JiMo,RaKaGh,,
JiMo,JoAr,,
JiMo,JeSa,,
JiMo,AnDo,,
JiMo,JaHa,,
JiMo,MiSl,,
JiMo,RyKe,,
JiMo,AsPr,,
JiMo,LAT,,
JiMo,LLA,,
JiMo,AnCo,,
JiMo,MiBr,,
JiMo,TCM,,
JiMo,KeAr,,
JiMo,MiLa,,
JiMo,CaFi,,
JiMo,LiGa,,
JiMo,AJR,,
JiMo,KaSc,,
JiMo,FaSt,,
JiMo,EmNu,,
JiMo,JoHa,,
JiMo,BrGl,,
JiMo,JaOh,,
JiMo,MaLi,,
JiMo,SePo,,
JiMo,TyHi,,
JiMo,DaEt,,
JiMo,JeRi,,
JiMo,GU,,
JiMo,BG,,
JiMo,"ChHa
",,
JiMo,ElSa,,
JiMo,WiHo,,
JiMo,DaPh,,
JiMo,JaSz,,
JiMo,AnMa,,
JiMo,StHe,,
JiMo,InSa,,
JiMo,OR,,
JiMo,KeSi,,
JiMo,JosHa,,
JaWa,PaC,,
JaWa,ST,,
JaWa,ErLi,,
JaWa,ZaMi,,
JaWa,RoKu,,
JaWa,ReKi,,
JaWa,FrSu,,
JaWa,CaLe,,
JaWa,DiMa,,
JaWa,LiFa,,
JaWa,MaMc,,
JaWa,KaKi,,
JaWa,AdZy,,
JaWa,StLPD,,
JaWa,JoKa,,
JaWa,MeTw,,
JaWa,RoFa,,
JaWa,PrDe,,
JaWa,WaPo,,
JaWa,ArRe,,
JaWa,UsTo,,
JaWa,CiEn,,
JaWa,ClBa,,
JaWa,AnMa,,
JaWa,MaMo,,
JaWa,RaKaGh,,
JaWa,JoAr,,
JaWa,JeSa,,
JaWa,AnDo,,
JaWa,JaHa,,
JaWa,MiSl,,
JaWa,RyKe,,
JaWa,AsPr,,
JaWa,LAT,,
JaWa,LLA,,
JaWa,AnCo,,
JaWa,MiBr,,
JaWa,TCM,,
JaWa,KeAr,,
JaWa,MiLa,,
JaWa,CaFi,,
JaWa,LiGa,,
JaWa,AJR,,
JaWa,KaSc,,
JaWa,FaSt,,
JaWa,EmNu,,
JaWa,JoHa,,
JaWa,BrGl,,
JaWa,JaOh,,
JaWa,MaLi,,
JaWa,SePo,,
JaWa,TyHi,,
JaWa,DaEt,,
JaWa,JeRi,,
JaWa,GU,,
JaWa,BG,,
JaWa,"ChHa
",,
JaWa,ElSa,,
JaWa,WiHo,,
JaWa,DaPh,,
JaWa,JaSz,,
JaWa,AnMa,,
JaWa,StHe,,
JaWa,InSa,,
JaWa,OR,,
JaWa,KeSi,,
JaWa,JosHa,,
PaC,ST,,
PaC,ErLi,,
PaC,ZaMi,,
PaC,RoKu,,
PaC,ReKi,,
PaC,FrSu,,
PaC,CaLe,,
PaC,DiMa,,
PaC,LiFa,,
PaC,MaMc,,
PaC,KaKi,,
PaC,AdZy,,
PaC,StLPD,,
PaC,JoKa,,
PaC,MeTw,,
PaC,RoFa,,
PaC,PrDe,,
PaC,WaPo,,
PaC,ArRe,,
PaC,UsTo,,
PaC,CiEn,,
PaC,ClBa,,
PaC,AnMa,,
PaC,MaMo,,
PaC,RaKaGh,,
PaC,JoAr,,
PaC,JeSa,,
PaC,AnDo,,
PaC,JaHa,,
PaC,MiSl,,
PaC,RyKe,,
PaC,AsPr,,
PaC,LAT,,
PaC,LLA,,
PaC,AnCo,,
PaC,MiBr,,
PaC,TCM,,
PaC,KeAr,,
PaC,MiLa,,
PaC,CaFi,,
PaC,LiGa,,
PaC,AJR,,
PaC,KaSc,,
PaC,FaSt,,
PaC,EmNu,,
PaC,JoHa,,
PaC,BrGl,,
PaC,JaOh,,
PaC,MaLi,,
PaC,SePo,,
PaC,TyHi,,
PaC,DaEt,,
PaC,JeRi,,
PaC,GU,,
PaC,BG,,
PaC,"ChHa
",,
PaC,ElSa,,
PaC,WiHo,,
PaC,DaPh,,
PaC,JaSz,,
PaC,AnMa,,
PaC,StHe,,
PaC,InSa,,
PaC,OR,,
PaC,KeSi,,
PaC,JosHa,,
ST,ErLi,,
ST,ZaMi,,
ST,RoKu,,
ST,ReKi,,
ST,FrSu,,
ST,CaLe,,
ST,DiMa,,
ST,LiFa,,
ST,MaMc,,
ST,KaKi,,
ST,AdZy,,
ST,StLPD,,
ST,JoKa,,
ST,MeTw,,
ST,RoFa,,
ST,PrDe,,
ST,WaPo,,
ST,ArRe,,
ST,UsTo,,
ST,CiEn,,
ST,ClBa,,
ST,AnMa,,
ST,MaMo,,
ST,RaKaGh,,
ST,JoAr,,
ST,JeSa,,
ST,AnDo,,
ST,JaHa,,
ST,MiSl,,
ST,RyKe,,
ST,AsPr,,
ST,LAT,,
ST,LLA,,
ST,AnCo,,
ST,MiBr,,
ST,TCM,,
ST,KeAr,,
ST,MiLa,,
ST,CaFi,,
ST,LiGa,,
ST,AJR,,
ST,KaSc,,
ST,FaSt,,
ST,EmNu,,
ST,JoHa,,
ST,BrGl,,
ST,JaOh,,
ST,MaLi,,
ST,SePo,,
ST,TyHi,,
ST,DaEt,,
ST,JeRi,,
ST,GU,,
ST,BG,,
ST,"ChHa
",,
ST,ElSa,,
ST,WiHo,,
ST,DaPh,,
ST,JaSz,,
ST,AnMa,,
ST,StHe,,
ST,InSa,,
ST,OR,,
ST,KeSi,,
ST,JosHa,,
ErLi,ZaMi,,
ErLi,RoKu,,
ErLi,ReKi,,
ErLi,FrSu,,
ErLi,CaLe,,
ErLi,DiMa,,
ErLi,LiFa,,
ErLi,MaMc,,
ErLi,KaKi,,
ErLi,AdZy,,
ErLi,StLPD,,
ErLi,JoKa,,
ErLi,MeTw,,
ErLi,RoFa,,
ErLi,PrDe,,
ErLi,WaPo,,
ErLi,ArRe,,
ErLi,UsTo,,
ErLi,CiEn,,
ErLi,ClBa,,
ErLi,AnMa,,
ErLi,MaMo,,
ErLi,RaKaGh,,
ErLi,JoAr,,
ErLi,JeSa,,
ErLi,AnDo,,
ErLi,JaHa,,
ErLi,MiSl,,
ErLi,RyKe,,
ErLi,AsPr,,
ErLi,LAT,,
ErLi,LLA,,
ErLi,AnCo,,
ErLi,MiBr,,
ErLi,TCM,,
ErLi,KeAr,,
ErLi,MiLa,,
ErLi,CaFi,,
ErLi,LiGa,,
ErLi,AJR,,
ErLi,KaSc,,
ErLi,FaSt,,
ErLi,EmNu,,
ErLi,JoHa,,
ErLi,BrGl,,
ErLi,JaOh,,
ErLi,MaLi,,
ErLi,SePo,,
ErLi,TyHi,,
ErLi,DaEt,,
ErLi,JeRi,,
ErLi,GU,,
ErLi,BG,,
ErLi,"ChHa
",,
ErLi,ElSa,,
ErLi,WiHo,,
ErLi,DaPh,,
ErLi,JaSz,,
ErLi,AnMa,,
ErLi,StHe,,
ErLi,InSa,,
ErLi,OR,,
ErLi,KeSi,,
ErLi,JosHa,,
ZaMi,RoKu,,
ZaMi,ReKi,,
ZaMi,FrSu,,
ZaMi,CaLe,,
ZaMi,DiMa,,
ZaMi,LiFa,,
ZaMi,MaMc,,
ZaMi,KaKi,,
ZaMi,AdZy,,
ZaMi,StLPD,,
ZaMi,JoKa,,
ZaMi,MeTw,,
ZaMi,RoFa,,
ZaMi,PrDe,,
ZaMi,WaPo,,
ZaMi,ArRe,,
ZaMi,UsTo,,
ZaMi,CiEn,,
ZaMi,ClBa,,
ZaMi,AnMa,,
ZaMi,MaMo,,
ZaMi,RaKaGh,,
ZaMi,JoAr,,
ZaMi,JeSa,,
ZaMi,AnDo,,
ZaMi,JaHa,,
ZaMi,MiSl,,
ZaMi,RyKe,,
ZaMi,AsPr,,
ZaMi,LAT,,
ZaMi,LLA,,
ZaMi,AnCo,,
ZaMi,MiBr,,
ZaMi,TCM,,
ZaMi,KeAr,,
ZaMi,MiLa,,
ZaMi,CaFi,,
ZaMi,LiGa,,
ZaMi,AJR,,
ZaMi,KaSc,,
ZaMi,FaSt,,
ZaMi,EmNu,,
ZaMi,JoHa,,
ZaMi,BrGl,,
ZaMi,JaOh,,
ZaMi,MaLi,,
ZaMi,SePo,,
ZaMi,TyHi,,
ZaMi,DaEt,,
ZaMi,JeRi,,
ZaMi,GU,,
ZaMi,BG,,
ZaMi,"ChHa
",,
ZaMi,ElSa,,
ZaMi,WiHo,,
ZaMi,DaPh,,
ZaMi,JaSz,,
ZaMi,AnMa,,
ZaMi,StHe,,
ZaMi,InSa,,
ZaMi,OR,,
ZaMi,KeSi,,
ZaMi,JosHa,,
RoKu,ReKi,,
RoKu,FrSu,,
RoKu,CaLe,,
RoKu,DiMa,,
RoKu,LiFa,,
RoKu,MaMc,,
RoKu,KaKi,,
RoKu,AdZy,,
RoKu,StLPD,,
RoKu,JoKa,,
RoKu,MeTw,,
RoKu,RoFa,,
RoKu,PrDe,,
RoKu,WaPo,,
RoKu,ArRe,,
RoKu,UsTo,,
RoKu,CiEn,,
RoKu,ClBa,,
RoKu,AnMa,,
RoKu,MaMo,,
RoKu,RaKaGh,,
RoKu,JoAr,,
RoKu,JeSa,,
RoKu,AnDo,,
RoKu,JaHa,,
RoKu,MiSl,,
RoKu,RyKe,,
RoKu,AsPr,,
RoKu,LAT,,
RoKu,LLA,,
RoKu,AnCo,,
RoKu,MiBr,,
RoKu,TCM,,
RoKu,KeAr,,
RoKu,MiLa,,
RoKu,CaFi,,
RoKu,LiGa,,
RoKu,AJR,,
RoKu,KaSc,,
RoKu,FaSt,,
RoKu,EmNu,,
RoKu,JoHa,,
RoKu,BrGl,,
RoKu,JaOh,,
RoKu,MaLi,,
RoKu,SePo,,
RoKu,TyHi,,
RoKu,DaEt,,
RoKu,JeRi,,
RoKu,GU,,
RoKu,BG,,
RoKu,"ChHa
",,
RoKu,ElSa,,
RoKu,WiHo,,
RoKu,DaPh,,
RoKu,JaSz,,
RoKu,AnMa,,
RoKu,StHe,,
RoKu,InSa,,
RoKu,OR,,
RoKu,KeSi,,
RoKu,JosHa,,
ReKi,FrSu,,
ReKi,CaLe,,
ReKi,DiMa,,
ReKi,LiFa,,
ReKi,MaMc,,
ReKi,KaKi,,
ReKi,AdZy,,
ReKi,StLPD,,
ReKi,JoKa,,
ReKi,MeTw,,
ReKi,RoFa,,
ReKi,PrDe,,
ReKi,WaPo,,
ReKi,ArRe,,
ReKi,UsTo,,
ReKi,CiEn,,
ReKi,ClBa,,
ReKi,AnMa,,
ReKi,MaMo,,
ReKi,RaKaGh,,
ReKi,JoAr,,
ReKi,JeSa,,
ReKi,AnDo,,
ReKi,JaHa,,
ReKi,MiSl,,
ReKi,RyKe,,
ReKi,AsPr,,
ReKi,LAT,,
ReKi,LLA,,
ReKi,AnCo,,
ReKi,MiBr,,
ReKi,TCM,,
ReKi,KeAr,,
ReKi,MiLa,,
ReKi,CaFi,,
ReKi,LiGa,,
ReKi,AJR,,
ReKi,KaSc,,
ReKi,FaSt,,
ReKi,EmNu,,
ReKi,JoHa,,
ReKi,BrGl,,
ReKi,JaOh,,
ReKi,MaLi,,
ReKi,SePo,,
ReKi,TyHi,,
ReKi,DaEt,,
ReKi,JeRi,,
ReKi,GU,,
ReKi,BG,,
ReKi,"ChHa
",,
ReKi,ElSa,,
ReKi,WiHo,,
ReKi,DaPh,,
ReKi,JaSz,,
ReKi,AnMa,,
ReKi,StHe,,
ReKi,InSa,,
ReKi,OR,,
ReKi,KeSi,,
ReKi,JosHa,,
FrSu,CaLe,,
FrSu,DiMa,,
FrSu,LiFa,,
FrSu,MaMc,,
FrSu,KaKi,,
FrSu,AdZy,,
FrSu,StLPD,,
FrSu,JoKa,,
FrSu,MeTw,,
FrSu,RoFa,,
FrSu,PrDe,,
FrSu,WaPo,,
FrSu,ArRe,,
FrSu,UsTo,,
FrSu,CiEn,,
FrSu,ClBa,,
FrSu,AnMa,,
FrSu,MaMo,,
FrSu,RaKaGh,,
FrSu,JoAr,,
FrSu,JeSa,,
FrSu,AnDo,,
FrSu,JaHa,,
FrSu,MiSl,,
FrSu,RyKe,,
FrSu,AsPr,,
FrSu,LAT,,
FrSu,LLA,,
FrSu,AnCo,,
FrSu,MiBr,,
FrSu,TCM,,
FrSu,KeAr,,
FrSu,MiLa,,
FrSu,CaFi,,
FrSu,LiGa,,
FrSu,AJR,,
FrSu,KaSc,,
FrSu,FaSt,,
FrSu,EmNu,,
FrSu,JoHa,,
FrSu,BrGl,,
FrSu,JaOh,,
FrSu,MaLi,,
FrSu,SePo,,
FrSu,TyHi,,
FrSu,DaEt,,
FrSu,JeRi,,
FrSu,GU,,
FrSu,BG,,
FrSu,"ChHa
",,
FrSu,ElSa,,
FrSu,WiHo,,
FrSu,DaPh,,
FrSu,JaSz,,
FrSu,AnMa,,
FrSu,StHe,,
FrSu,InSa,,
FrSu,OR,,
FrSu,KeSi,,
FrSu,JosHa,,
CaLe,DiMa,,
CaLe,LiFa,,
CaLe,MaMc,,
CaLe,KaKi,,
CaLe,AdZy,,
CaLe,StLPD,,
CaLe,JoKa,,
CaLe,MeTw,,
CaLe,RoFa,,
CaLe,PrDe,,
CaLe,WaPo,,
CaLe,ArRe,,
CaLe,UsTo,,
CaLe,CiEn,,
CaLe,ClBa,,
CaLe,AnMa,,
CaLe,MaMo,,
CaLe,RaKaGh,,
CaLe,JoAr,,
CaLe,JeSa,,
CaLe,AnDo,,
CaLe,JaHa,,
CaLe,MiSl,,
CaLe,RyKe,,
CaLe,AsPr,,
CaLe,LAT,,
CaLe,LLA,,
CaLe,AnCo,,
CaLe,MiBr,,
CaLe,TCM,,
CaLe,KeAr,,
CaLe,MiLa,,
CaLe,CaFi,,
CaLe,LiGa,,
CaLe,AJR,,
CaLe,KaSc,,
CaLe,FaSt,,
CaLe,EmNu,,
CaLe,JoHa,,
CaLe,BrGl,,
CaLe,JaOh,,
CaLe,MaLi,,
CaLe,SePo,,
CaLe,TyHi,,
CaLe,DaEt,,
CaLe,JeRi,,
CaLe,GU,,
CaLe,BG,,
CaLe,"ChHa
",,
CaLe,ElSa,,
CaLe,WiHo,,
CaLe,DaPh,,
CaLe,JaSz,,
CaLe,AnMa,,
CaLe,StHe,,
CaLe,InSa,,
CaLe,OR,,
CaLe,KeSi,,
CaLe,JosHa,,
DiMa,LiFa,,
DiMa,MaMc,,
DiMa,KaKi,,
DiMa,AdZy,,
DiMa,StLPD,,
DiMa,JoKa,,
DiMa,MeTw,,
DiMa,RoFa,,
DiMa,PrDe,,
DiMa,WaPo,,
DiMa,ArRe,,
DiMa,UsTo,,
DiMa,CiEn,,
DiMa,ClBa,,
DiMa,AnMa,,
DiMa,MaMo,,
DiMa,RaKaGh,,
DiMa,JoAr,,
DiMa,JeSa,,
DiMa,AnDo,,
DiMa,JaHa,,
DiMa,MiSl,,
DiMa,RyKe,,
DiMa,AsPr,,
DiMa,LAT,,
DiMa,LLA,,
DiMa,AnCo,,
DiMa,MiBr,,
DiMa,TCM,,
DiMa,KeAr,,
DiMa,MiLa,,
DiMa,CaFi,,
DiMa,LiGa,,
DiMa,AJR,,
DiMa,KaSc,,
DiMa,FaSt,,
DiMa,EmNu,,
DiMa,JoHa,,
DiMa,BrGl,,
DiMa,JaOh,,
DiMa,MaLi,,
DiMa,SePo,,
DiMa,TyHi,,
DiMa,DaEt,,
DiMa,JeRi,,
DiMa,GU,,
DiMa,BG,,
DiMa,"ChHa
",,
DiMa,ElSa,,
DiMa,WiHo,,
DiMa,DaPh,,
DiMa,JaSz,,
DiMa,AnMa,,
DiMa,StHe,,
DiMa,InSa,,
DiMa,OR,,
DiMa,KeSi,,
DiMa,JosHa,,
LiFa,MaMc,,
LiFa,KaKi,,
LiFa,AdZy,,
LiFa,StLPD,,
LiFa,JoKa,,
LiFa,MeTw,,
LiFa,RoFa,,
LiFa,PrDe,,
LiFa,WaPo,,
LiFa,ArRe,,
LiFa,UsTo,,
LiFa,CiEn,,
LiFa,ClBa,,
LiFa,AnMa,,
LiFa,MaMo,,
LiFa,RaKaGh,,
LiFa,JoAr,,
LiFa,JeSa,,
LiFa,AnDo,,
LiFa,JaHa,,
LiFa,MiSl,,
LiFa,RyKe,,
LiFa,AsPr,,
LiFa,LAT,,
LiFa,LLA,,
LiFa,AnCo,,
LiFa,MiBr,,
LiFa,TCM,,
LiFa,KeAr,,
LiFa,MiLa,,
LiFa,CaFi,,
LiFa,LiGa,,
LiFa,AJR,,
LiFa,KaSc,,
LiFa,FaSt,,
LiFa,EmNu,,
LiFa,JoHa,,
LiFa,BrGl,,
LiFa,JaOh,,
LiFa,MaLi,,
LiFa,SePo,,
LiFa,TyHi,,
LiFa,DaEt,,
LiFa,JeRi,,
LiFa,GU,,
LiFa,BG,,
LiFa,"ChHa
",,
LiFa,ElSa,,
LiFa,WiHo,,
LiFa,DaPh,,
LiFa,JaSz,,
LiFa,AnMa,,
LiFa,StHe,,
LiFa,InSa,,
LiFa,OR,,
LiFa,KeSi,,
LiFa,JosHa,,
MaMc,KaKi,,
MaMc,AdZy,,
MaMc,StLPD,,
MaMc,JoKa,,
MaMc,MeTw,,
MaMc,RoFa,,
MaMc,PrDe,,
MaMc,WaPo,,
MaMc,ArRe,,
MaMc,UsTo,,
MaMc,CiEn,,
MaMc,ClBa,,
MaMc,AnMa,,
MaMc,MaMo,,
MaMc,RaKaGh,,
MaMc,JoAr,,
MaMc,JeSa,,
MaMc,AnDo,,
MaMc,JaHa,,
MaMc,MiSl,,
MaMc,RyKe,,
MaMc,AsPr,,
MaMc,LAT,,
MaMc,LLA,,
MaMc,AnCo,,
MaMc,MiBr,,
MaMc,TCM,,
MaMc,KeAr,,
MaMc,MiLa,,
MaMc,CaFi,,
MaMc,LiGa,,
MaMc,AJR,,
MaMc,KaSc,,
MaMc,FaSt,,
MaMc,EmNu,,
MaMc,JoHa,,
MaMc,BrGl,,
MaMc,JaOh,,
MaMc,MaLi,,
MaMc,SePo,,
MaMc,TyHi,,
MaMc,DaEt,,
MaMc,JeRi,,
MaMc,GU,,
MaMc,BG,,
MaMc,"ChHa
",,
MaMc,ElSa,,
MaMc,WiHo,,
MaMc,DaPh,,
MaMc,JaSz,,
MaMc,AnMa,,
MaMc,StHe,,
MaMc,InSa,,
MaMc,OR,,
MaMc,KeSi,,
MaMc,JosHa,,
KaKi,AdZy,,
KaKi,StLPD,,
KaKi,JoKa,,
KaKi,MeTw,,
KaKi,RoFa,,
KaKi,PrDe,,
KaKi,WaPo,,
KaKi,ArRe,,
KaKi,UsTo,,
KaKi,CiEn,,
KaKi,ClBa,,
KaKi,AnMa,,
KaKi,MaMo,,
KaKi,RaKaGh,,
KaKi,JoAr,,
KaKi,JeSa,,
KaKi,AnDo,,
KaKi,JaHa,,
KaKi,MiSl,,
KaKi,RyKe,,
KaKi,AsPr,,
KaKi,LAT,,
KaKi,LLA,,
KaKi,AnCo,,
KaKi,MiBr,,
KaKi,TCM,,
KaKi,KeAr,,
KaKi,MiLa,,
KaKi,CaFi,,
KaKi,LiGa,,
KaKi,AJR,,
KaKi,KaSc,,
KaKi,FaSt,,
KaKi,EmNu,,
KaKi,JoHa,,
KaKi,BrGl,,
KaKi,JaOh,,
KaKi,MaLi,,
KaKi,SePo,,
KaKi,TyHi,,
KaKi,DaEt,,
KaKi,JeRi,,
KaKi,GU,,
KaKi,BG,,
KaKi,"ChHa
",,
KaKi,ElSa,,
KaKi,WiHo,,
KaKi,DaPh,,
KaKi,JaSz,,
KaKi,AnMa,,
KaKi,StHe,,
KaKi,InSa,,
KaKi,OR,,
KaKi,KeSi,,
KaKi,JosHa,,
AdZy,StLPD,,
AdZy,JoKa,,
AdZy,MeTw,,
AdZy,RoFa,,
AdZy,PrDe,,
AdZy,WaPo,,
AdZy,ArRe,,
AdZy,UsTo,,
AdZy,CiEn,,
AdZy,ClBa,,
AdZy,AnMa,,
AdZy,MaMo,,
AdZy,RaKaGh,,
AdZy,JoAr,,
AdZy,JeSa,,
AdZy,AnDo,,
AdZy,JaHa,,
AdZy,MiSl,,
AdZy,RyKe,,
AdZy,AsPr,,
AdZy,LAT,,
AdZy,LLA,,
AdZy,AnCo,,
AdZy,MiBr,,
AdZy,TCM,,
AdZy,KeAr,,
AdZy,MiLa,,
AdZy,CaFi,,
AdZy,LiGa,,
AdZy,AJR,,
AdZy,KaSc,,
AdZy,FaSt,,
AdZy,EmNu,,
AdZy,JoHa,,
AdZy,BrGl,,
AdZy,JaOh,,
AdZy,MaLi,,
AdZy,SePo,,
AdZy,TyHi,,
AdZy,DaEt,,
AdZy,JeRi,,
AdZy,GU,,
AdZy,BG,,
AdZy,"ChHa
",,
AdZy,ElSa,,
AdZy,WiHo,,
AdZy,DaPh,,
AdZy,JaSz,,
AdZy,AnMa,,
AdZy,StHe,,
AdZy,InSa,,
AdZy,OR,,
AdZy,KeSi,,
AdZy,JosHa,,
StLPD,JoKa,,
StLPD,MeTw,,
StLPD,RoFa,,
StLPD,PrDe,,
StLPD,WaPo,,
StLPD,ArRe,,
StLPD,UsTo,,
StLPD,CiEn,,
StLPD,ClBa,,
StLPD,AnMa,,
StLPD,MaMo,,
StLPD,RaKaGh,,
StLPD,JoAr,,
StLPD,JeSa,,
StLPD,AnDo,,
StLPD,JaHa,,
StLPD,MiSl,,
StLPD,RyKe,,
StLPD,AsPr,,
StLPD,LAT,,
StLPD,LLA,,
StLPD,AnCo,,
StLPD,MiBr,,
StLPD,TCM,,
StLPD,KeAr,,
StLPD,MiLa,,
StLPD,CaFi,,
StLPD,LiGa,,
StLPD,AJR,,
StLPD,KaSc,,
StLPD,FaSt,,
StLPD,EmNu,,
StLPD,JoHa,,
StLPD,BrGl,,
StLPD,JaOh,,
StLPD,MaLi,,
StLPD,SePo,,
StLPD,TyHi,,
StLPD,DaEt,,
StLPD,JeRi,,
StLPD,GU,,
StLPD,BG,,
StLPD,"ChHa
",,
StLPD,ElSa,,
StLPD,WiHo,,
StLPD,DaPh,,
StLPD,JaSz,,
StLPD,AnMa,,
StLPD,StHe,,
StLPD,InSa,,
StLPD,OR,,
StLPD,KeSi,,
StLPD,JosHa,,
JoKa,MeTw,,
JoKa,RoFa,,
JoKa,PrDe,,
JoKa,WaPo,,
JoKa,ArRe,,
JoKa,UsTo,,
JoKa,CiEn,,
JoKa,ClBa,,
JoKa,AnMa,,
JoKa,MaMo,,
JoKa,RaKaGh,,
JoKa,JoAr,,
JoKa,JeSa,,
JoKa,AnDo,,
JoKa,JaHa,,
JoKa,MiSl,,
JoKa,RyKe,,
JoKa,AsPr,,
JoKa,LAT,,
JoKa,LLA,,
JoKa,AnCo,,
JoKa,MiBr,,
JoKa,TCM,,
JoKa,KeAr,,
JoKa,MiLa,,
JoKa,CaFi,,
JoKa,LiGa,,
JoKa,AJR,,
JoKa,KaSc,,
JoKa,FaSt,,
JoKa,EmNu,,
JoKa,JoHa,,
JoKa,BrGl,,
JoKa,JaOh,,
JoKa,MaLi,,
JoKa,SePo,,
JoKa,TyHi,,
JoKa,DaEt,,
JoKa,JeRi,,
JoKa,GU,,
JoKa,BG,,
JoKa,"ChHa
",,
JoKa,ElSa,,
JoKa,WiHo,,
JoKa,DaPh,,
JoKa,JaSz,,
JoKa,AnMa,,
JoKa,StHe,,
JoKa,InSa,,
JoKa,OR,,
JoKa,KeSi,,
JoKa,JosHa,,
MeTw,RoFa,,
MeTw,PrDe,,
MeTw,WaPo,,
MeTw,ArRe,,
MeTw,UsTo,,
MeTw,CiEn,,
MeTw,ClBa,,
MeTw,AnMa,,
MeTw,MaMo,,
MeTw,RaKaGh,,
MeTw,JoAr,,
MeTw,JeSa,,
MeTw,AnDo,,
MeTw,JaHa,,
MeTw,MiSl,,
MeTw,RyKe,,
MeTw,AsPr,,
MeTw,LAT,,
MeTw,LLA,,
MeTw,AnCo,,
MeTw,MiBr,,
MeTw,TCM,,
MeTw,KeAr,,
MeTw,MiLa,,
MeTw,CaFi,,
MeTw,LiGa,,
MeTw,AJR,,
MeTw,KaSc,,
MeTw,FaSt,,
MeTw,EmNu,,
MeTw,JoHa,,
MeTw,BrGl,,
MeTw,JaOh,,
MeTw,MaLi,,
MeTw,SePo,,
MeTw,TyHi,,
MeTw,DaEt,,
MeTw,JeRi,,
MeTw,GU,,
MeTw,BG,,
MeTw,"ChHa
",,
MeTw,ElSa,,
MeTw,WiHo,,
MeTw,DaPh,,
MeTw,JaSz,,
MeTw,AnMa,,
MeTw,StHe,,
MeTw,InSa,,
MeTw,OR,,
MeTw,KeSi,,
MeTw,JosHa,,
RoFa,PrDe,,
RoFa,WaPo,,
RoFa,ArRe,,
RoFa,UsTo,,
RoFa,CiEn,,
RoFa,ClBa,,
RoFa,AnMa,,
RoFa,MaMo,,
RoFa,RaKaGh,,
RoFa,JoAr,,
RoFa,JeSa,,
RoFa,AnDo,,
RoFa,JaHa,,
RoFa,MiSl,,
RoFa,RyKe,,
RoFa,AsPr,,
RoFa,LAT,,
RoFa,LLA,,
RoFa,AnCo,,
RoFa,MiBr,,
RoFa,TCM,,
RoFa,KeAr,,
RoFa,MiLa,,
RoFa,CaFi,,
RoFa,LiGa,,
RoFa,AJR,,
RoFa,KaSc,,
RoFa,FaSt,,
RoFa,EmNu,,
RoFa,JoHa,,
RoFa,BrGl,,
RoFa,JaOh,,
RoFa,MaLi,,
RoFa,SePo,,
RoFa,TyHi,,
RoFa,DaEt,,
RoFa,JeRi,,
RoFa,GU,,
RoFa,BG,,
RoFa,"ChHa
",,
RoFa,ElSa,,
RoFa,WiHo,,
RoFa,DaPh,,
RoFa,JaSz,,
RoFa,AnMa,,
RoFa,StHe,,
RoFa,InSa,,
RoFa,OR,,
RoFa,KeSi,,
RoFa,JosHa,,
PrDe,WaPo,,
PrDe,ArRe,,
PrDe,UsTo,,
PrDe,CiEn,,
PrDe,ClBa,,
PrDe,AnMa,,
PrDe,MaMo,,
PrDe,RaKaGh,,
PrDe,JoAr,,
PrDe,JeSa,,
PrDe,AnDo,,
PrDe,JaHa,,
PrDe,MiSl,,
PrDe,RyKe,,
PrDe,AsPr,,
PrDe,LAT,,
PrDe,LLA,,
PrDe,AnCo,,
PrDe,MiBr,,
PrDe,TCM,,
PrDe,KeAr,,
PrDe,MiLa,,
PrDe,CaFi,,
PrDe,LiGa,,
PrDe,AJR,,
PrDe,KaSc,,
PrDe,FaSt,,
PrDe,EmNu,,
PrDe,JoHa,,
PrDe,BrGl,,
PrDe,JaOh,,
PrDe,MaLi,,
PrDe,SePo,,
PrDe,TyHi,,
PrDe,DaEt,,
PrDe,JeRi,,
PrDe,GU,,
PrDe,BG,,
PrDe,"ChHa
",,
PrDe,ElSa,,
PrDe,WiHo,,
PrDe,DaPh,,
PrDe,JaSz,,
PrDe,AnMa,,
PrDe,StHe,,
PrDe,InSa,,
PrDe,OR,,
PrDe,KeSi,,
PrDe,JosHa,,
WaPo,ArRe,,
WaPo,UsTo,,
WaPo,CiEn,,
WaPo,ClBa,,
WaPo,AnMa,,
WaPo,MaMo,,
WaPo,RaKaGh,,
WaPo,JoAr,,
WaPo,JeSa,,
WaPo,AnDo,,
WaPo,JaHa,,
WaPo,MiSl,,
WaPo,RyKe,,
WaPo,AsPr,,
WaPo,LAT,,
WaPo,LLA,,
WaPo,AnCo,,
WaPo,MiBr,,
WaPo,TCM,,
WaPo,KeAr,,
WaPo,MiLa,,
WaPo,CaFi,,
WaPo,LiGa,,
WaPo,AJR,,
WaPo,KaSc,,
WaPo,FaSt,,
WaPo,EmNu,,
WaPo,JoHa,,
WaPo,BrGl,,
WaPo,JaOh,,
WaPo,MaLi,,
WaPo,SePo,,
WaPo,TyHi,,
WaPo,DaEt,,
WaPo,JeRi,,
WaPo,GU,,
WaPo,BG,,
WaPo,"ChHa
",,
WaPo,ElSa,,
WaPo,WiHo,,
WaPo,DaPh,,
WaPo,JaSz,,
WaPo,AnMa,,
WaPo,StHe,,
WaPo,InSa,,
WaPo,OR,,
WaPo,KeSi,,
WaPo,JosHa,,
ArRe,UsTo,,
ArRe,CiEn,,
ArRe,ClBa,,
ArRe,AnMa,,
ArRe,MaMo,,
ArRe,RaKaGh,,
ArRe,JoAr,,
ArRe,JeSa,,
ArRe,AnDo,,
ArRe,JaHa,,
ArRe,MiSl,,
ArRe,RyKe,,
ArRe,AsPr,,
ArRe,LAT,,
ArRe,LLA,,
ArRe,AnCo,,
ArRe,MiBr,,
ArRe,TCM,,
ArRe,KeAr,,
ArRe,MiLa,,
ArRe,CaFi,,
ArRe,LiGa,,
ArRe,AJR,,
ArRe,KaSc,,
ArRe,FaSt,,
ArRe,EmNu,,
ArRe,JoHa,,
ArRe,BrGl,,
ArRe,JaOh,,
ArRe,MaLi,,
ArRe,SePo,,
ArRe,TyHi,,
ArRe,DaEt,,
ArRe,JeRi,,
ArRe,GU,,
ArRe,BG,,
ArRe,"ChHa
",,
ArRe,ElSa,,
ArRe,WiHo,,
ArRe,DaPh,,
ArRe,JaSz,,
ArRe,AnMa,,
ArRe,StHe,,
ArRe,InSa,,
ArRe,OR,,
ArRe,KeSi,,
ArRe,JosHa,,
UsTo,CiEn,,
UsTo,ClBa,,
UsTo,AnMa,,
UsTo,MaMo,,
UsTo,RaKaGh,,
UsTo,JoAr,,
UsTo,JeSa,,
UsTo,AnDo,,
UsTo,JaHa,,
UsTo,MiSl,,
UsTo,RyKe,,
UsTo,AsPr,,
UsTo,LAT,,
UsTo,LLA,,
UsTo,AnCo,,
UsTo,MiBr,,
UsTo,TCM,,
UsTo,KeAr,,
UsTo,MiLa,,
UsTo,CaFi,,
UsTo,LiGa,,
UsTo,AJR,,
UsTo,KaSc,,
UsTo,FaSt,,
UsTo,EmNu,,
UsTo,JoHa,,
UsTo,BrGl,,
UsTo,JaOh,,
UsTo,MaLi,,
UsTo,SePo,,
UsTo,TyHi,,
UsTo,DaEt,,
UsTo,JeRi,,
UsTo,GU,,
UsTo,BG,,
UsTo,"ChHa
",,
UsTo,ElSa,,
UsTo,WiHo,,
UsTo,DaPh,,
UsTo,JaSz,,
UsTo,AnMa,,
UsTo,StHe,,
UsTo,InSa,,
UsTo,OR,,
UsTo,KeSi,,
UsTo,JosHa,,
CiEn,ClBa,,
CiEn,AnMa,,
CiEn,MaMo,,
CiEn,RaKaGh,,
CiEn,JoAr,,
CiEn,JeSa,,
CiEn,AnDo,,
CiEn,JaHa,,
CiEn,MiSl,,
CiEn,RyKe,,
CiEn,AsPr,,
CiEn,LAT,,
CiEn,LLA,,
CiEn,AnCo,,
CiEn,MiBr,,
CiEn,TCM,,
CiEn,KeAr,,
CiEn,MiLa,,
CiEn,CaFi,,
CiEn,LiGa,,
CiEn,AJR,,
CiEn,KaSc,,
CiEn,FaSt,,
CiEn,EmNu,,
CiEn,JoHa,,
CiEn,BrGl,,
CiEn,JaOh,,
CiEn,MaLi,,
CiEn,SePo,,
CiEn,TyHi,,
CiEn,DaEt,,
CiEn,JeRi,,
CiEn,GU,,
CiEn,BG,,
CiEn,"ChHa
",,
CiEn,ElSa,,
CiEn,WiHo,,
CiEn,DaPh,,
CiEn,JaSz,,
CiEn,AnMa,,
CiEn,StHe,,
CiEn,InSa,,
CiEn,OR,,
CiEn,KeSi,,
CiEn,JosHa,,
ClBa,AnMa,,
ClBa,MaMo,,
ClBa,RaKaGh,,
ClBa,JoAr,,
ClBa,JeSa,,
ClBa,AnDo,,
ClBa,JaHa,,
ClBa,MiSl,,
ClBa,RyKe,,
ClBa,AsPr,,
ClBa,LAT,,
ClBa,LLA,,
ClBa,AnCo,,
ClBa,MiBr,,
ClBa,TCM,,
ClBa,KeAr,,
ClBa,MiLa,,
ClBa,CaFi,,
ClBa,LiGa,,
ClBa,AJR,,
ClBa,KaSc,,
ClBa,FaSt,,
ClBa,EmNu,,
ClBa,JoHa,,
ClBa,BrGl,,
ClBa,JaOh,,
ClBa,MaLi,,
ClBa,SePo,,
ClBa,TyHi,,
ClBa,DaEt,,
ClBa,JeRi,,
ClBa,GU,,
ClBa,BG,,
ClBa,"ChHa
",,
ClBa,ElSa,,
ClBa,WiHo,,
ClBa,DaPh,,
ClBa,JaSz,,
ClBa,AnMa,,
ClBa,StHe,,
ClBa,InSa,,
ClBa,OR,,
ClBa,KeSi,,
ClBa,JosHa,,
AnMa,MaMo,,
AnMa,RaKaGh,,
AnMa,JoAr,,
AnMa,JeSa,,
AnMa,AnDo,,
AnMa,JaHa,,
AnMa,MiSl,,
AnMa,RyKe,,
AnMa,AsPr,,
AnMa,LAT,,
AnMa,LLA,,
AnMa,AnCo,,
AnMa,MiBr,,
AnMa,TCM,,
AnMa,KeAr,,
AnMa,MiLa,,
AnMa,CaFi,,
AnMa,LiGa,,
AnMa,AJR,,
AnMa,KaSc,,
AnMa,FaSt,,
AnMa,EmNu,,
AnMa,JoHa,,
AnMa,BrGl,,
AnMa,JaOh,,
AnMa,MaLi,,
AnMa,SePo,,
AnMa,TyHi,,
AnMa,DaEt,,
AnMa,JeRi,,
AnMa,GU,,
AnMa,BG,,
AnMa,"ChHa
",,
AnMa,ElSa,,
AnMa,WiHo,,
AnMa,DaPh,,
AnMa,JaSz,,
AnMa,AnMa,,
AnMa,StHe,,
AnMa,InSa,,
AnMa,OR,,
AnMa,KeSi,,
AnMa,JosHa,,
MaMo,RaKaGh,,
MaMo,JoAr,,
MaMo,JeSa,,
MaMo,AnDo,,
MaMo,JaHa,,
MaMo,MiSl,,
MaMo,RyKe,,
MaMo,AsPr,,
MaMo,LAT,,
MaMo,LLA,,
MaMo,AnCo,,
MaMo,MiBr,,
MaMo,TCM,,
MaMo,KeAr,,
MaMo,MiLa,,
MaMo,CaFi,,
MaMo,LiGa,,
MaMo,AJR,,
MaMo,KaSc,,
MaMo,FaSt,,
MaMo,EmNu,,
MaMo,JoHa,,
MaMo,BrGl,,
MaMo,JaOh,,
MaMo,MaLi,,
MaMo,SePo,,
MaMo,TyHi,,
MaMo,DaEt,,
MaMo,JeRi,,
MaMo,GU,,
MaMo,BG,,
MaMo,"ChHa
",,
MaMo,ElSa,,
MaMo,WiHo,,
MaMo,DaPh,,
MaMo,JaSz,,
MaMo,AnMa,,
MaMo,StHe,,
MaMo,InSa,,
MaMo,OR,,
MaMo,KeSi,,
MaMo,JosHa,,
RaKaGh,JoAr,,
RaKaGh,JeSa,,
RaKaGh,AnDo,,
RaKaGh,JaHa,,
RaKaGh,MiSl,,
RaKaGh,RyKe,,
RaKaGh,AsPr,,
RaKaGh,LAT,,
RaKaGh,LLA,,
RaKaGh,AnCo,,
RaKaGh,MiBr,,
RaKaGh,TCM,,
RaKaGh,KeAr,,
RaKaGh,MiLa,,
RaKaGh,CaFi,,
RaKaGh,LiGa,,
RaKaGh,AJR,,
RaKaGh,KaSc,,
RaKaGh,FaSt,,
RaKaGh,EmNu,,
RaKaGh,JoHa,,
RaKaGh,BrGl,,
RaKaGh,JaOh,,
RaKaGh,MaLi,,
RaKaGh,SePo,,
RaKaGh,TyHi,,
RaKaGh,DaEt,,
RaKaGh,JeRi,,
RaKaGh,GU,,
RaKaGh,BG,,
RaKaGh,"ChHa
",,
RaKaGh,ElSa,,
RaKaGh,WiHo,,
RaKaGh,DaPh,,
RaKaGh,JaSz,,
RaKaGh,AnMa,,
RaKaGh,StHe,,
RaKaGh,InSa,,
RaKaGh,OR,,
RaKaGh,KeSi,,
RaKaGh,JosHa,,
JoAr,JeSa,,
JoAr,AnDo,,
JoAr,JaHa,,
JoAr,MiSl,,
JoAr,RyKe,,
JoAr,AsPr,,
JoAr,LAT,,
JoAr,LLA,,
JoAr,AnCo,,
JoAr,MiBr,,
JoAr,TCM,,
JoAr,KeAr,,
JoAr,MiLa,,
JoAr,CaFi,,
JoAr,LiGa,,
JoAr,AJR,,
JoAr,KaSc,,
JoAr,FaSt,,
JoAr,EmNu,,
JoAr,JoHa,,
JoAr,BrGl,,
JoAr,JaOh,,
JoAr,MaLi,,
JoAr,SePo,,
JoAr,TyHi,,
JoAr,DaEt,,
JoAr,JeRi,,
JoAr,GU,,
JoAr,BG,,
JoAr,"ChHa
",,
JoAr,ElSa,,
JoAr,WiHo,,
JoAr,DaPh,,
JoAr,JaSz,,
JoAr,AnMa,,
JoAr,StHe,,
JoAr,InSa,,
JoAr,OR,,
JoAr,KeSi,,
JoAr,JosHa,,
JeSa,AnDo,,
JeSa,JaHa,,
JeSa,MiSl,,
JeSa,RyKe,,
JeSa,AsPr,,
JeSa,LAT,,
JeSa,LLA,,
JeSa,AnCo,,
JeSa,MiBr,,
JeSa,TCM,,
JeSa,KeAr,,
JeSa,MiLa,,
JeSa,CaFi,,
JeSa,LiGa,,
JeSa,AJR,,
JeSa,KaSc,,
JeSa,FaSt,,
JeSa,EmNu,,
JeSa,JoHa,,
JeSa,BrGl,,
JeSa,JaOh,,
JeSa,MaLi,,
JeSa,SePo,,
JeSa,TyHi,,
JeSa,DaEt,,
JeSa,JeRi,,
JeSa,GU,,
JeSa,BG,,
JeSa,"ChHa
",,
JeSa,ElSa,,
JeSa,WiHo,,
JeSa,DaPh,,
JeSa,JaSz,,
JeSa,AnMa,,
JeSa,StHe,,
JeSa,InSa,,
JeSa,OR,,
JeSa,KeSi,,
JeSa,JosHa,,
AnDo,JaHa,,
AnDo,MiSl,,
AnDo,RyKe,,
AnDo,AsPr,,
AnDo,LAT,,
AnDo,LLA,,
AnDo,AnCo,,
AnDo,MiBr,,
AnDo,TCM,,
AnDo,KeAr,,
AnDo,MiLa,,
AnDo,CaFi,,
AnDo,LiGa,,
AnDo,AJR,,
AnDo,KaSc,,
AnDo,FaSt,,
AnDo,EmNu,,
AnDo,JoHa,,
AnDo,BrGl,,
AnDo,JaOh,,
AnDo,MaLi,,
AnDo,SePo,,
AnDo,TyHi,,
AnDo,DaEt,,
AnDo,JeRi,,
AnDo,GU,,
AnDo,BG,,
AnDo,"ChHa
",,
AnDo,ElSa,,
AnDo,WiHo,,
AnDo,DaPh,,
AnDo,JaSz,,
AnDo,AnMa,,
AnDo,StHe,,
AnDo,InSa,,
AnDo,OR,,
AnDo,KeSi,,
AnDo,JosHa,,
JaHa,MiSl,,
JaHa,RyKe,,
JaHa,AsPr,,
JaHa,LAT,,
JaHa,LLA,,
JaHa,AnCo,,
JaHa,MiBr,,
JaHa,TCM,,
JaHa,KeAr,,
JaHa,MiLa,,
JaHa,CaFi,,
JaHa,LiGa,,
JaHa,AJR,,
JaHa,KaSc,,
JaHa,FaSt,,
JaHa,EmNu,,
JaHa,JoHa,,
JaHa,BrGl,,
JaHa,JaOh,,
JaHa,MaLi,,
JaHa,SePo,,
JaHa,TyHi,,
JaHa,DaEt,,
JaHa,JeRi,,
JaHa,GU,,
JaHa,BG,,
JaHa,"ChHa
",,
JaHa,ElSa,,
JaHa,WiHo,,
JaHa,DaPh,,
JaHa,JaSz,,
JaHa,AnMa,,
JaHa,StHe,,
JaHa,InSa,,
JaHa,OR,,
JaHa,KeSi,,
JaHa,JosHa,,
MiSl,RyKe,,
MiSl,AsPr,,
MiSl,LAT,,
MiSl,LLA,,
MiSl,AnCo,,
MiSl,MiBr,,
MiSl,TCM,,
MiSl,KeAr,,
MiSl,MiLa,,
MiSl,CaFi,,
MiSl,LiGa,,
MiSl,AJR,,
MiSl,KaSc,,
MiSl,FaSt,,
MiSl,EmNu,,
MiSl,JoHa,,
MiSl,BrGl,,
MiSl,JaOh,,
MiSl,MaLi,,
MiSl,SePo,,
MiSl,TyHi,,
MiSl,DaEt,,
MiSl,JeRi,,
MiSl,GU,,
MiSl,BG,,
MiSl,"ChHa
",,
MiSl,ElSa,,
MiSl,WiHo,,
MiSl,DaPh,,
MiSl,JaSz,,
MiSl,AnMa,,
MiSl,StHe,,
MiSl,InSa,,
MiSl,OR,,
MiSl,KeSi,,
MiSl,JosHa,,
RyKe,AsPr,,
RyKe,LAT,,
RyKe,LLA,,
RyKe,AnCo,,
RyKe,MiBr,,
RyKe,TCM,,
RyKe,KeAr,,
RyKe,MiLa,,
RyKe,CaFi,,
RyKe,LiGa,,
RyKe,AJR,,
RyKe,KaSc,,
RyKe,FaSt,,
RyKe,EmNu,,
RyKe,JoHa,,
RyKe,BrGl,,
RyKe,JaOh,,
RyKe,MaLi,,
RyKe,SePo,,
RyKe,TyHi,,
RyKe,DaEt,,
RyKe,JeRi,,
RyKe,GU,,
RyKe,BG,,
RyKe,"ChHa
",,
RyKe,ElSa,,
RyKe,WiHo,,
RyKe,DaPh,,
RyKe,JaSz,,
RyKe,AnMa,,
RyKe,StHe,,
RyKe,InSa,,
RyKe,OR,,
RyKe,KeSi,,
RyKe,JosHa,,
AsPr,LAT,,
AsPr,LLA,,
AsPr,AnCo,,
AsPr,MiBr,,
AsPr,TCM,,
AsPr,KeAr,,
AsPr,MiLa,,
AsPr,CaFi,,
AsPr,LiGa,,
AsPr,AJR,,
AsPr,KaSc,,
AsPr,FaSt,,
AsPr,EmNu,,
AsPr,JoHa,,
AsPr,BrGl,,
AsPr,JaOh,,
AsPr,MaLi,,
AsPr,SePo,,
AsPr,TyHi,,
AsPr,DaEt,,
AsPr,JeRi,,
AsPr,GU,,
AsPr,BG,,
AsPr,"ChHa
",,
AsPr,ElSa,,
AsPr,WiHo,,
AsPr,DaPh,,
AsPr,JaSz,,
AsPr,AnMa,,
AsPr,StHe,,
AsPr,InSa,,
AsPr,OR,,
AsPr,KeSi,,
AsPr,JosHa,,
LAT,LLA,,
LAT,AnCo,,
LAT,MiBr,,
LAT,TCM,,
LAT,KeAr,,
LAT,MiLa,,
LAT,CaFi,,
LAT,LiGa,,
LAT,AJR,,
LAT,KaSc,,
LAT,FaSt,,
LAT,EmNu,,
LAT,JoHa,,
LAT,BrGl,,
LAT,JaOh,,
LAT,MaLi,,
LAT,SePo,,
LAT,TyHi,,
LAT,DaEt,,
LAT,JeRi,,
LAT,GU,,
LAT,BG,,
LAT,"ChHa
",,
LAT,ElSa,,
LAT,WiHo,,
LAT,DaPh,,
LAT,JaSz,,
LAT,AnMa,,
LAT,StHe,,
LAT,InSa,,
LAT,OR,,
LAT,KeSi,,
LAT,JosHa,,
LLA,AnCo,3,
LLA,MiBr,2,
LLA,TCM,1,
LLA,KeAr,1,
LLA,MiLa,1,
LLA,CaFi,1,
LLA,LiGa,1,
LLA,AJR,0,
LLA,KaSc,0,
LLA,FaSt,0,
LLA,EmNu,1,
LLA,JoHa,0,
LLA,BrGl,0,
LLA,JaOh,0,
LLA,MaLi,0,
LLA,SePo,0,
LLA,TyHi,0,
LLA,DaEt,0,
LLA,JeRi,0,
LLA,GU,,
LLA,BG,,
LLA,"ChHa
",,
LLA,ElSa,,
LLA,WiHo,,
LLA,DaPh,,
LLA,JaSz,,
LLA,AnMa,,
LLA,StHe,,
LLA,InSa,,
LLA,OR,,
LLA,KeSi,,
LLA,JosHa,,
AnCo,MiBr,2,
AnCo,TCM,1,
AnCo,KeAr,1,
AnCo,MiLa,0,
AnCo,CaFi,1,
AnCo,LiGa,1,
AnCo,AJR,2,
AnCo,KaSc,0,
AnCo,FaSt,1,
AnCo,EmNu,0,
AnCo,JoHa,0,
AnCo,BrGl,0,
AnCo,JaOh,0,
AnCo,MaLi,0,
AnCo,SePo,0,
AnCo,TyHi,1,
AnCo,DaEt,0,
AnCo,JeRi,0,
AnCo,GU,,
AnCo,BG,,
AnCo,"ChHa
",,
AnCo,ElSa,,
AnCo,WiHo,,
AnCo,DaPh,,
AnCo,JaSz,,
AnCo,AnMa,,
AnCo,StHe,,
AnCo,InSa,,
AnCo,OR,,
AnCo,KeSi,,
AnCo,JosHa,,
MiBr,TCM,1,
MiBr,KeAr,1,
MiBr,MiLa,1,
MiBr,CaFi,1,
MiBr,LiGa,1,
MiBr,AJR,,
MiBr,KaSc,,
MiBr,FaSt,,
MiBr,EmNu,,
MiBr,JoHa,,
MiBr,BrGl,,
MiBr,JaOh,,
MiBr,MaLi,,
MiBr,SePo,,
MiBr,TyHi,,
MiBr,DaEt,,
MiBr,JeRi,,
MiBr,GU,,
MiBr,BG,,
MiBr,"ChHa
",,
MiBr,ElSa,,
MiBr,WiHo,,
MiBr,DaPh,,
MiBr,JaSz,,
MiBr,AnMa,,
MiBr,StHe,,
MiBr,InSa,,
MiBr,OR,,
MiBr,KeSi,,
MiBr,JosHa,,
TCM,KeAr,,
TCM,MiLa,,
TCM,CaFi,,
TCM,LiGa,,
TCM,AJR,,
TCM,KaSc,,
TCM,FaSt,,
TCM,EmNu,,
TCM,JoHa,,
TCM,BrGl,,
TCM,JaOh,,
TCM,MaLi,,
TCM,SePo,,
TCM,TyHi,,
TCM,DaEt,,
TCM,JeRi,,
TCM,GU,,
TCM,BG,,
TCM,"ChHa
",,
TCM,ElSa,,
TCM,WiHo,,
TCM,DaPh,,
TCM,JaSz,,
TCM,AnMa,,
TCM,StHe,,
TCM,InSa,,
TCM,OR,,
TCM,KeSi,,
TCM,JosHa,,
KeAr,MiLa,,
KeAr,CaFi,,
KeAr,LiGa,,
KeAr,AJR,,
KeAr,KaSc,,
KeAr,FaSt,,
KeAr,EmNu,,
KeAr,JoHa,,
KeAr,BrGl,,
KeAr,JaOh,,
KeAr,MaLi,,
KeAr,SePo,,
KeAr,TyHi,,
KeAr,DaEt,,
KeAr,JeRi,,
KeAr,GU,,
KeAr,BG,,
KeAr,"ChHa
",,
KeAr,ElSa,,
KeAr,WiHo,,
KeAr,DaPh,,
KeAr,JaSz,,
KeAr,AnMa,,
KeAr,StHe,,
KeAr,InSa,,
KeAr,OR,,
KeAr,KeSi,,
KeAr,JosHa,,
MiLa,CaFi,,
MiLa,LiGa,,
MiLa,AJR,,
MiLa,KaSc,,
MiLa,FaSt,,
MiLa,EmNu,,
MiLa,JoHa,,
MiLa,BrGl,,
MiLa,JaOh,,
MiLa,MaLi,,
MiLa,SePo,,
MiLa,TyHi,,
MiLa,DaEt,,
MiLa,JeRi,,
MiLa,GU,,
MiLa,BG,,
MiLa,"ChHa
",,
MiLa,ElSa,,
MiLa,WiHo,,
MiLa,DaPh,,
MiLa,JaSz,,
MiLa,AnMa,,
MiLa,StHe,,
MiLa,InSa,,
MiLa,OR,,
MiLa,KeSi,,
MiLa,JosHa,,
CaFi,LiGa,,
CaFi,AJR,,
CaFi,KaSc,,
CaFi,FaSt,,
CaFi,EmNu,,
CaFi,JoHa,,
CaFi,BrGl,,
CaFi,JaOh,,
CaFi,MaLi,,
CaFi,SePo,,
CaFi,TyHi,,
CaFi,DaEt,,
CaFi,JeRi,,
CaFi,GU,,
CaFi,BG,,
CaFi,"ChHa
",,
CaFi,ElSa,,
CaFi,WiHo,,
CaFi,DaPh,,
CaFi,JaSz,,
CaFi,AnMa,,
CaFi,StHe,,
CaFi,InSa,,
CaFi,OR,,
CaFi,KeSi,,
CaFi,JosHa,,
LiGa,AJR,,
LiGa,KaSc,,
LiGa,FaSt,,
LiGa,EmNu,,
LiGa,JoHa,,
LiGa,BrGl,,
LiGa,JaOh,,
LiGa,MaLi,,
LiGa,SePo,,
LiGa,TyHi,,
LiGa,DaEt,,
LiGa,JeRi,,
LiGa,GU,,
LiGa,BG,,
LiGa,"ChHa
",,
LiGa,ElSa,,
LiGa,WiHo,,
LiGa,DaPh,,
LiGa,JaSz,,
LiGa,AnMa,,
LiGa,StHe,,
LiGa,InSa,,
LiGa,OR,,
LiGa,KeSi,,
LiGa,JosHa,,
AJR,KaSc,,
AJR,FaSt,,
AJR,EmNu,,
AJR,JoHa,,
AJR,BrGl,,
AJR,JaOh,,
AJR,MaLi,,
AJR,SePo,,
AJR,TyHi,,
AJR,DaEt,,
AJR,JeRi,,
AJR,GU,,
AJR,BG,,
AJR,"ChHa
",,
AJR,ElSa,,
AJR,WiHo,,
AJR,DaPh,,
AJR,JaSz,,
AJR,AnMa,,
AJR,StHe,,
AJR,InSa,,
AJR,OR,,
AJR,KeSi,,
AJR,JosHa,,
KaSc,FaSt,,
KaSc,EmNu,,
KaSc,JoHa,,
KaSc,BrGl,,
KaSc,JaOh,,
KaSc,MaLi,,
KaSc,SePo,,
KaSc,TyHi,,
KaSc,DaEt,,
KaSc,JeRi,,
KaSc,GU,,
KaSc,BG,,
KaSc,"ChHa
",,
KaSc,ElSa,,
KaSc,WiHo,,
KaSc,DaPh,,
KaSc,JaSz,,
KaSc,AnMa,,
KaSc,StHe,,
KaSc,InSa,,
KaSc,OR,,
KaSc,KeSi,,
KaSc,JosHa,,
FaSt,EmNu,,
FaSt,JoHa,,
FaSt,BrGl,,
FaSt,JaOh,,
FaSt,MaLi,,
FaSt,SePo,,
FaSt,TyHi,,
FaSt,DaEt,,
FaSt,JeRi,,
FaSt,GU,,
FaSt,BG,,
FaSt,"ChHa
",,
FaSt,ElSa,,
FaSt,WiHo,,
FaSt,DaPh,,
FaSt,JaSz,,
FaSt,AnMa,,
FaSt,StHe,,
FaSt,InSa,,
FaSt,OR,,
FaSt,KeSi,,
FaSt,JosHa,,
EmNu,JoHa,,
EmNu,BrGl,,
EmNu,JaOh,,
EmNu,MaLi,,
EmNu,SePo,,
EmNu,TyHi,,
EmNu,DaEt,,
EmNu,JeRi,,
EmNu,GU,,
EmNu,BG,,
EmNu,"ChHa
",,
EmNu,ElSa,,
EmNu,WiHo,,
EmNu,DaPh,,
EmNu,JaSz,,
EmNu,AnMa,,
EmNu,StHe,,
EmNu,InSa,,
EmNu,OR,,
EmNu,KeSi,,
EmNu,JosHa,,
JoHa,BrGl,,
JoHa,JaOh,,
JoHa,MaLi,,
JoHa,SePo,,
JoHa,TyHi,,
JoHa,DaEt,,
JoHa,JeRi,,
JoHa,GU,,
JoHa,BG,,
JoHa,"ChHa
",,
JoHa,ElSa,,
JoHa,WiHo,,
JoHa,DaPh,,
JoHa,JaSz,,
JoHa,AnMa,,
JoHa,StHe,,
JoHa,InSa,,
JoHa,OR,,
JoHa,KeSi,,
JoHa,JosHa,,
BrGl,JaOh,,
BrGl,MaLi,,
BrGl,SePo,,
BrGl,TyHi,,
BrGl,DaEt,,
BrGl,JeRi,,
BrGl,GU,,
BrGl,BG,,
BrGl,"ChHa
",,
BrGl,ElSa,,
BrGl,WiHo,,
BrGl,DaPh,,
BrGl,JaSz,,
BrGl,AnMa,,
BrGl,StHe,,
BrGl,InSa,,
BrGl,OR,,
BrGl,KeSi,,
BrGl,JosHa,,
JaOh,MaLi,,
JaOh,SePo,,
JaOh,TyHi,,
JaOh,DaEt,,
JaOh,JeRi,,
JaOh,GU,,
JaOh,BG,,
JaOh,"ChHa
",,
JaOh,ElSa,,
JaOh,WiHo,,
JaOh,DaPh,,
JaOh,JaSz,,
JaOh,AnMa,,
JaOh,StHe,,
JaOh,InSa,,
JaOh,OR,,
JaOh,KeSi,,
JaOh,JosHa,,
MaLi,SePo,,
MaLi,TyHi,,
MaLi,DaEt,,
MaLi,JeRi,,
MaLi,GU,,
MaLi,BG,,
MaLi,"ChHa
",,
MaLi,ElSa,,
MaLi,WiHo,,
MaLi,DaPh,,
MaLi,JaSz,,
MaLi,AnMa,,
MaLi,StHe,,
MaLi,InSa,,
MaLi,OR,,
MaLi,KeSi,,
MaLi,JosHa,,
SePo,TyHi,,
SePo,DaEt,,
SePo,JeRi,,
SePo,GU,,
SePo,BG,,
SePo,"ChHa
",,
SePo,ElSa,,
SePo,WiHo,,
SePo,DaPh,,
SePo,JaSz,,
SePo,AnMa,,
SePo,StHe,,
SePo,InSa,,
SePo,OR,,
SePo,KeSi,,
SePo,JosHa,,
TyHi,DaEt,,
TyHi,JeRi,,
TyHi,GU,,
TyHi,BG,,
TyHi,"ChHa
",,
TyHi,ElSa,,
TyHi,WiHo,,
TyHi,DaPh,,
TyHi,JaSz,,
TyHi,AnMa,,
TyHi,StHe,,
TyHi,InSa,,
TyHi,OR,,
TyHi,KeSi,,
TyHi,JosHa,,
DaEt,JeRi,,
DaEt,GU,,
DaEt,BG,,
DaEt,"ChHa
",,
DaEt,ElSa,,
DaEt,WiHo,,
DaEt,DaPh,,
DaEt,JaSz,,
DaEt,AnMa,,
DaEt,StHe,,
DaEt,InSa,,
DaEt,OR,,
DaEt,KeSi,,
DaEt,JosHa,,
JeRi,GU,,
JeRi,BG,,
JeRi,"ChHa
",,
JeRi,ElSa,,
JeRi,WiHo,,
JeRi,DaPh,,
JeRi,JaSz,,
JeRi,AnMa,,
JeRi,StHe,,
JeRi,InSa,,
JeRi,OR,,
JeRi,KeSi,,
JeRi,JosHa,,
GU,BG,,
GU,"ChHa
",,
GU,ElSa,,
GU,WiHo,,
GU,DaPh,,
GU,JaSz,,
GU,AnMa,,
GU,StHe,,
GU,InSa,,
GU,OR,,
GU,KeSi,,
GU,JosHa,,
BG,"ChHa
",,
BG,ElSa,,
BG,WiHo,,
BG,DaPh,,
BG,JaSz,,
BG,AnMa,,
BG,StHe,,
BG,InSa,,
BG,OR,,
BG,KeSi,,
BG,JosHa,,
ChHa,ElSa,,
ChHa,WiHo,,
ChHa,DaPh,,
ChHa,JaSz,,
ChHa,AnMa,,
ChHa,StHe,,
ChHa,InSa,,
ChHa,OR,,
ChHa,KeSi,,
ChHa,JosHa,,
ElSa,WiHo,,
ElSa,DaPh,,
ElSa,JaSz,,
ElSa,AnMa,,
ElSa,StHe,,
ElSa,InSa,,
ElSa,OR,,
ElSa,KeSi,,
ElSa,JosHa,,
WiHo,DaPh,,
WiHo,JaSz,,
WiHo,AnMa,,
WiHo,StHe,,
WiHo,InSa,,
WiHo,OR,,
WiHo,KeSi,,
WiHo,JosHa,,
DaPh,JaSz,,
DaPh,AnMa,,
DaPh,StHe,,
DaPh,InSa,,
DaPh,OR,,
DaPh,KeSi,,
DaPh,JosHa,,
JaSz,AnMa,,
JaSz,StHe,,
JaSz,InSa,,
JaSz,OR,,
JaSz,KeSi,,
JaSz,JosHa,,
AnMa,StHe,,
AnMa,InSa,,
AnMa,OR,,
AnMa,KeSi,,
AnMa,JosHa,,
StHe,InSa,,
StHe,OR,,
StHe,KeSi,,
StHe,JosHa,,
InSa,OR,,
InSa,KeSi,,
InSa,JosHa,,
OR,KeSi,,
OR,JosHa,,
KeSi,JosHa,,